file,system_id,regime,num_atoms,iterations,wall_time_s,rmse_ang,pdf_mse,adf_mse,macewall_best_loss
B4C_mp-1238815_crystalline_30_cell040_idx00000_seed001142000.npz,B4C_mp-1238815,crystalline_30,9170,12,4.743298866087571,0.19535007686899145,33434.8828125,6163.23681640625,-62964.43947248023
B4C_mp-1238815_nanocrystalline_cell040_idx00001_seed001142001.npz,B4C_mp-1238815,nanocrystalline,8980,12,0.8683680950198323,0.19728341045307946,19698.650390625,4568.42041015625,-60738.19253728708
B4C_mp-1238815_amorphous_cell040_idx00002_seed001142002.npz,B4C_mp-1238815,amorphous,8610,12,0.8128029149957001,0.20103326126932566,6250.3408203125,5580.8525390625,-53491.55691907092
B4C_mp-1238815_SRO_cell040_idx00003_seed001142003.npz,B4C_mp-1238815,SRO,8610,12,0.8103890609927475,0.20083879088159712,7639.01953125,4254.65185546875,-55451.781972274104
B4C_mp-1238815_LRO_cell040_idx00004_seed001142004.npz,B4C_mp-1238815,LRO,8610,12,0.8070088948588818,0.19970574867231392,13127.7578125,3554.591064453125,-57356.57182180267
B4C_mp-1238815_MRO_cell040_idx00005_seed001142005.npz,B4C_mp-1238815,MRO,8235,12,0.742515834979713,0.2031598222191778,8087.3662109375,2761.762451171875,-53398.77062238955
B4C_mp-1238815_crystalline_30_cell040_idx00006_seed001142006.npz,B4C_mp-1238815,crystalline_30,9170,12,0.9077647689264268,0.1957378087616223,34338.91015625,5988.328125,-62934.198454274454
B4C_mp-1238815_nanocrystalline_cell040_idx00007_seed001142007.npz,B4C_mp-1238815,nanocrystalline,8980,12,0.8699839052278548,0.197114267121608,18672.921875,4481.77001953125,-60633.92435352749
B4C_mp-1238815_amorphous_cell040_idx00008_seed001142008.npz,B4C_mp-1238815,amorphous,8610,12,0.8158016358502209,0.20090744932001256,6019.99267578125,5460.89306640625,-53475.21102054405
B4C_mp-1238815_SRO_cell040_idx00009_seed001142009.npz,B4C_mp-1238815,SRO,8610,12,0.8123462668154389,0.20084961302034887,7215.9873046875,4260.42578125,-55466.488622715246
B4C_mp-1238815_LRO_cell040_idx00010_seed001142010.npz,B4C_mp-1238815,LRO,8610,12,0.8069539088755846,0.1999864005464424,14133.9423828125,3588.5361328125,-57324.43228832552
B4C_mp-1238815_MRO_cell040_idx00011_seed001142011.npz,B4C_mp-1238815,MRO,8235,12,0.7444920979905874,0.20298926232370748,7960.31884765625,2754.314697265625,-53529.62916185021
B4C_mp-530074_crystalline_30_cell040_idx00000_seed001311000.npz,B4C_mp-530074,crystalline_30,8755,12,0.8183998560998589,0.18800228154703413,23403.447265625,13055.7841796875,-59770.79163101888
B4C_mp-530074_nanocrystalline_cell040_idx00001_seed001311001.npz,B4C_mp-530074,nanocrystalline,8575,12,0.7960128951817751,0.19003102625732754,15072.0849609375,11228.3828125,-57504.88104338357
B4C_mp-530074_amorphous_cell040_idx00002_seed001311002.npz,B4C_mp-530074,amorphous,8215,12,0.7485619001090527,0.19885361148504296,6780.525390625,11253.9951171875,-49778.54265109938
B4C_mp-530074_SRO_cell040_idx00003_seed001311003.npz,B4C_mp-530074,SRO,8215,12,0.7389951250515878,0.19587034325396216,7904.85205078125,8234.541015625,-52295.93840324104
B4C_mp-530074_LRO_cell040_idx00004_seed001311004.npz,B4C_mp-530074,LRO,8215,12,0.740874103968963,0.1934855360391329,10978.6328125,8173.39892578125,-54029.19756071732
B4C_mp-530074_MRO_cell040_idx00005_seed001311005.npz,B4C_mp-530074,MRO,7860,12,0.6793047611135989,0.1976972767290541,8249.7373046875,6503.193359375,-50321.58034694987
B4C_mp-530074_crystalline_30_cell040_idx00006_seed001311006.npz,B4C_mp-530074,crystalline_30,8755,12,0.8182594769168645,0.1877569122130184,24047.998046875,11872.8310546875,-59838.31504036751
B4C_mp-530074_nanocrystalline_cell040_idx00007_seed001311007.npz,B4C_mp-530074,nanocrystalline,8575,12,0.7943955329246819,0.18991651042177243,15307.732421875,12619.796875,-57248.764155638666
B4C_mp-530074_amorphous_cell040_idx00008_seed001311008.npz,B4C_mp-530074,amorphous,8215,12,0.7474704089108855,0.19850375719341398,6445.90869140625,11858.9345703125,-49850.4946943966
B4C_mp-530074_SRO_cell040_idx00009_seed001311009.npz,B4C_mp-530074,SRO,8215,12,0.7388661159202456,0.19529736648165918,8322.9296875,8580.15234375,-52339.775154995164
B4C_mp-530074_LRO_cell040_idx00010_seed001311010.npz,B4C_mp-530074,LRO,8215,12,0.7397374038118869,0.19296909270626858,12840.4677734375,8917.599609375,-54284.82384136594
B4C_mp-530074_MRO_cell040_idx00011_seed001311011.npz,B4C_mp-530074,MRO,7860,12,0.6774773930665106,0.19803210697425047,7594.19140625,6207.50341796875,-50397.338971226636
CaC2_mp-1227257_crystalline_30_cell050_idx00000_seed001137000.npz,CaC2_mp-1227257,crystalline_30,7098,12,0.33974628197029233,0.18212540122793847,2422.0595703125,28.014982223510742,-45391.55973179355
CaC2_mp-1227257_nanocrystalline_cell050_idx00001_seed001137001.npz,CaC2_mp-1227257,nanocrystalline,6951,12,0.3329824039246887,0.18690186145878254,1306.124267578125,29.429792404174805,-43712.234532539434
CaC2_mp-1227257_amorphous_cell050_idx00002_seed001137002.npz,CaC2_mp-1227257,amorphous,6663,12,0.3015966829843819,0.18606688914319672,938.2776489257812,300.84783935546875,-39515.078980063925
CaC2_mp-1227257_SRO_cell050_idx00003_seed001137003.npz,CaC2_mp-1227257,SRO,6663,12,0.2992877918295562,0.18905934461520693,853.5935668945312,97.17668151855469,-40456.60371018626
CaC2_mp-1227257_LRO_cell050_idx00004_seed001137004.npz,CaC2_mp-1227257,LRO,6663,12,0.30289179109968245,0.19139268877691282,1237.5765380859375,29.084360122680664,-41174.0132730905
CaC2_mp-1227257_MRO_cell050_idx00005_seed001137005.npz,CaC2_mp-1227257,MRO,6372,12,0.28113831393420696,0.19353402842567932,925.0505981445312,48.21002960205078,-38375.167439992736
CaC2_mp-1227257_crystalline_30_cell050_idx00006_seed001137006.npz,CaC2_mp-1227257,crystalline_30,7098,12,0.3401548641268164,0.18407626555728265,2441.733154296875,26.02906608581543,-45176.25213042242
CaC2_mp-1227257_nanocrystalline_cell050_idx00007_seed001137007.npz,CaC2_mp-1227257,nanocrystalline,6951,12,0.33171738404780626,0.1871079059685994,1482.15185546875,36.5911750793457,-43690.581807380055
CaC2_mp-1227257_amorphous_cell050_idx00008_seed001137008.npz,CaC2_mp-1227257,amorphous,6663,12,0.2996601830236614,0.18705030896391708,916.8394775390625,248.01136779785156,-39500.04663528649
CaC2_mp-1227257_SRO_cell050_idx00009_seed001137009.npz,CaC2_mp-1227257,SRO,6663,12,0.29862765315920115,0.18903623575547815,815.1070556640625,76.79009246826172,-40371.40825661862
CaC2_mp-1227257_LRO_cell050_idx00010_seed001137010.npz,CaC2_mp-1227257,LRO,6663,12,0.30309007596224546,0.18995824587795435,1140.2396240234375,27.445255279541016,-41164.896982873775
CaC2_mp-1227257_MRO_cell050_idx00011_seed001137011.npz,CaC2_mp-1227257,MRO,6372,12,0.28061979985795915,0.1938601979492846,863.4141235351562,36.0216064453125,-38423.734108576624
CaC2_mp-684668_crystalline_30_cell050_idx00000_seed001421000.npz,CaC2_mp-684668,crystalline_30,7248,12,0.35310663492418826,0.18777501501592864,2533.274658203125,24.41579246520996,-47144.77749122496
CaC2_mp-684668_nanocrystalline_cell050_idx00001_seed001421001.npz,CaC2_mp-684668,nanocrystalline,7098,12,0.33805684093385935,0.18935651069059575,1867.793701171875,21.657258987426758,-45295.295889669986
CaC2_mp-684668_amorphous_cell050_idx00002_seed001421002.npz,CaC2_mp-684668,amorphous,6804,12,0.31288618710823357,0.18360297455596558,830.3389892578125,280.6003723144531,-40356.030770168014
CaC2_mp-684668_SRO_cell050_idx00003_seed001421003.npz,CaC2_mp-684668,SRO,6804,12,0.31404030602425337,0.1870540802649735,739.3009643554688,79.17574310302734,-41437.992808300194
CaC2_mp-684668_LRO_cell050_idx00004_seed001421004.npz,CaC2_mp-684668,LRO,6804,12,0.3194349550176412,0.1911147581322134,1517.5894775390625,26.486196517944336,-42531.24959551679
CaC2_mp-684668_MRO_cell050_idx00005_seed001421005.npz,CaC2_mp-684668,MRO,6507,12,0.2942928960546851,0.19189427766516395,1096.671142578125,33.131980895996094,-39563.58598518391
CaC2_mp-684668_crystalline_30_cell050_idx00006_seed001421006.npz,CaC2_mp-684668,crystalline_30,7248,12,0.35303911310620606,0.18751585904049478,2352.41943359375,14.730786323547363,-47239.558953133324
CaC2_mp-684668_nanocrystalline_cell050_idx00007_seed001421007.npz,CaC2_mp-684668,nanocrystalline,7098,12,0.33757088892161846,0.1887422285692777,1444.43310546875,26.01980972290039,-45123.070915217395
CaC2_mp-684668_amorphous_cell050_idx00008_seed001421008.npz,CaC2_mp-684668,amorphous,6804,12,0.3136915161740035,0.18424819142953625,830.2080688476562,232.63807678222656,-40395.37645794448
CaC2_mp-684668_SRO_cell050_idx00009_seed001421009.npz,CaC2_mp-684668,SRO,6804,12,0.3151078578084707,0.18724789831085176,843.9572143554688,60.75096893310547,-41360.89555628253
CaC2_mp-684668_LRO_cell050_idx00010_seed001421010.npz,CaC2_mp-684668,LRO,6804,12,0.3185949719045311,0.19177112832443718,1411.721923828125,22.27455711364746,-42409.80452292066
CaC2_mp-684668_MRO_cell050_idx00011_seed001421011.npz,CaC2_mp-684668,MRO,6507,12,0.2942464470397681,0.19186676637792133,847.2432250976562,32.199951171875,-39405.03423774277
CuS2_mp-1147712_crystalline_30_cell050_idx00000_seed001064000.npz,CuS2_mp-1147712,crystalline_30,6636,12,0.28549288981594145,0.21529877891007365,7205.685546875,14.794700622558594,-27046.881016643685
CuS2_mp-1147712_nanocrystalline_cell050_idx00001_seed001064001.npz,CuS2_mp-1147712,nanocrystalline,6498,12,0.27855430194176733,0.21831242038811133,4923.369140625,40.25027847290039,-26046.612278054246
CuS2_mp-1147712_amorphous_cell050_idx00002_seed001064002.npz,CuS2_mp-1147712,amorphous,6228,12,0.26634930982254446,0.22089216977289505,1225.3580322265625,516.7901611328125,-22978.16784935945
CuS2_mp-1147712_SRO_cell050_idx00003_seed001064003.npz,CuS2_mp-1147712,SRO,6228,12,0.2629205291159451,0.22173035888035245,1356.4434814453125,154.30836486816406,-23936.92936245441
CuS2_mp-1147712_LRO_cell050_idx00004_seed001064004.npz,CuS2_mp-1147712,LRO,6228,12,0.26082406914792955,0.22072940378019584,3058.964111328125,57.19542694091797,-24712.628511839812
CuS2_mp-1147712_MRO_cell050_idx00005_seed001064005.npz,CuS2_mp-1147712,MRO,5958,12,0.24347754381597042,0.22296500767207514,1708.8375244140625,84.51385498046875,-23168.03536243108
CuS2_mp-1147712_crystalline_30_cell050_idx00006_seed001064006.npz,CuS2_mp-1147712,crystalline_30,6636,12,0.28624973399564624,0.21749162817827666,6796.69189453125,43.17292022705078,-26911.033762140723
CuS2_mp-1147712_nanocrystalline_cell050_idx00007_seed001064007.npz,CuS2_mp-1147712,nanocrystalline,6498,12,0.27878693910315633,0.21947507375182135,4364.0361328125,54.10591125488281,-26048.34563755164
CuS2_mp-1147712_amorphous_cell050_idx00008_seed001064008.npz,CuS2_mp-1147712,amorphous,6228,12,0.26582075702026486,0.22128507407572096,1253.7412109375,572.4682006835938,-22972.439741580376
CuS2_mp-1147712_SRO_cell050_idx00009_seed001064009.npz,CuS2_mp-1147712,SRO,6228,12,0.26333993789739907,0.22106232251287983,1331.5115966796875,184.401123046875,-23916.05388605699
CuS2_mp-1147712_LRO_cell050_idx00010_seed001064010.npz,CuS2_mp-1147712,LRO,6228,12,0.26070989086292684,0.22140021778587282,3170.51220703125,58.50880432128906,-24755.09295496112
CuS2_mp-1147712_MRO_cell050_idx00011_seed001064011.npz,CuS2_mp-1147712,MRO,5958,12,0.2439341600984335,0.22409763021544143,1454.548583984375,85.39579772949219,-23167.024176879637
CuS2_mp-684604_crystalline_30_cell050_idx00000_seed001420000.npz,CuS2_mp-684604,crystalline_30,6129,12,0.2652524779550731,0.22570428409469367,13674.8779296875,6.872581958770752,-24429.72647961209
CuS2_mp-684604_nanocrystalline_cell050_idx00001_seed001420001.npz,CuS2_mp-684604,nanocrystalline,6003,12,0.2612622589804232,0.22414328193629507,5316.7919921875,75.67154693603516,-23670.384347093524
CuS2_mp-684604_amorphous_cell050_idx00002_seed001420002.npz,CuS2_mp-684604,amorphous,5754,12,0.23318766406737268,0.22392246741671815,386.87957763671875,165.3525390625,-21267.235311185763
CuS2_mp-684604_SRO_cell050_idx00003_seed001420003.npz,CuS2_mp-684604,SRO,5754,12,0.2349043940193951,0.22464032351744073,480.9298400878906,130.2800750732422,-21991.743143360505
CuS2_mp-684604_LRO_cell050_idx00004_seed001420004.npz,CuS2_mp-684604,LRO,5754,12,0.23926920699886978,0.22448769919808229,2910.826904296875,14.274604797363281,-22485.67618607913
CuS2_mp-684604_MRO_cell050_idx00005_seed001420005.npz,CuS2_mp-684604,MRO,5505,12,0.22225493704900146,0.22727618262564106,903.372802734375,28.585695266723633,-21138.086812809084
CuS2_mp-684604_crystalline_30_cell050_idx00006_seed001420006.npz,CuS2_mp-684604,crystalline_30,6129,12,0.2660334790125489,0.22409069435619092,14409.3896484375,36.65917205810547,-24459.957304389434
CuS2_mp-684604_nanocrystalline_cell050_idx00007_seed001420007.npz,CuS2_mp-684604,nanocrystalline,6003,12,0.25985048804432154,0.22410068422451265,4092.054931640625,64.7614974975586,-23657.710292582997
CuS2_mp-684604_amorphous_cell050_idx00008_seed001420008.npz,CuS2_mp-684604,amorphous,5754,12,0.23358995094895363,0.22337746323134947,404.361328125,181.04461669921875,-21262.799509701086
CuS2_mp-684604_SRO_cell050_idx00009_seed001420009.npz,CuS2_mp-684604,SRO,5754,12,0.23434864892624319,0.2246185099360803,565.0238037109375,132.5797119140625,-21922.716776348538
CuS2_mp-684604_LRO_cell050_idx00010_seed001420010.npz,CuS2_mp-684604,LRO,5754,12,0.23969415901228786,0.22478001199979314,2586.8818359375,19.6521053314209,-22422.68551810147
CuS2_mp-684604_MRO_cell050_idx00011_seed001420011.npz,CuS2_mp-684604,MRO,5505,12,0.22227844106964767,0.22733762927043483,891.1807861328125,12.142548561096191,-21147.86570086573
Fe2N_mp-21476_crystalline_30_cell047_idx00000_seed001229000.npz,Fe2N_mp-21476,crystalline_30,11169,12,0.8684384920634329,0.17038135362423398,60389.40625,3935.662109375,-93437.8529803759
Fe2N_mp-21476_nanocrystalline_cell047_idx00001_seed001229001.npz,Fe2N_mp-21476,nanocrystalline,10941,12,0.8381435920018703,0.17155883569875816,49448.3203125,3701.48046875,-91050.35909192536
Fe2N_mp-21476_amorphous_cell047_idx00002_seed001229002.npz,Fe2N_mp-21476,amorphous,10485,12,0.781697885831818,0.1757923029597641,5278.4638671875,4832.64013671875,-85648.50376602632
Fe2N_mp-21476_SRO_cell047_idx00003_seed001229003.npz,Fe2N_mp-21476,SRO,10485,12,0.7866115521173924,0.174326045197687,7789.1787109375,2838.87109375,-86176.03262029563
Fe2N_mp-21476_LRO_cell047_idx00004_seed001229004.npz,Fe2N_mp-21476,LRO,10485,12,0.7816422588657588,0.17433703095126152,26176.89453125,2898.096435546875,-86916.20897028591
Fe2N_mp-21476_MRO_cell047_idx00005_seed001229005.npz,Fe2N_mp-21476,MRO,10029,12,0.7153052610810846,0.1768449420251499,10967.0458984375,2476.047607421875,-82412.93887000396
Fe2N_mp-21476_crystalline_30_cell047_idx00006_seed001229006.npz,Fe2N_mp-21476,crystalline_30,11169,12,0.8713877371046692,0.17016203558663753,61828.7890625,4426.78125,-93451.5676321408
Fe2N_mp-21476_nanocrystalline_cell047_idx00007_seed001229007.npz,Fe2N_mp-21476,nanocrystalline,10941,12,0.8392700599506497,0.1717014890516366,47959.7109375,3681.262451171875,-91093.78394999004
Fe2N_mp-21476_amorphous_cell047_idx00008_seed001229008.npz,Fe2N_mp-21476,amorphous,10485,12,0.7839669459499419,0.1756337686106884,5301.4287109375,4448.42626953125,-85638.99093240229
Fe2N_mp-21476_SRO_cell047_idx00009_seed001229009.npz,Fe2N_mp-21476,SRO,10485,12,0.7841983928810805,0.17446493404575236,7387.9755859375,2884.590576171875,-86176.74476072754
Fe2N_mp-21476_LRO_cell047_idx00010_seed001229010.npz,Fe2N_mp-21476,LRO,10485,12,0.7847759509459138,0.17403311516428144,23686.3046875,3160.12060546875,-86891.20409685918
Fe2N_mp-21476_MRO_cell047_idx00011_seed001229011.npz,Fe2N_mp-21476,MRO,10029,12,0.7169316578656435,0.17757677111337686,11244.3271484375,2619.693359375,-82428.41166232507
Fe2N_mp-248_crystalline_30_cell047_idx00000_seed001250000.npz,Fe2N_mp-248,crystalline_30,11187,12,0.881576948100701,0.17013668142203323,75175.21875,8661.16796875,-93493.4774657147
Fe2N_mp-248_nanocrystalline_cell047_idx00001_seed001250001.npz,Fe2N_mp-248,nanocrystalline,10959,12,0.8532810730393976,0.17159898148480146,54893.78515625,5253.09716796875,-91124.29290572494
Fe2N_mp-248_amorphous_cell047_idx00002_seed001250002.npz,Fe2N_mp-248,amorphous,10500,12,0.784750052029267,0.17573221729749794,5506.9951171875,4561.421875,-85626.38754290613
Fe2N_mp-248_SRO_cell047_idx00003_seed001250003.npz,Fe2N_mp-248,SRO,10500,12,0.7857579609844834,0.17471742640545826,8202.5947265625,3714.223388671875,-86238.12188606686
Fe2N_mp-248_LRO_cell047_idx00004_seed001250004.npz,Fe2N_mp-248,LRO,10500,12,0.785138773964718,0.17454135195753195,27628.265625,4053.64208984375,-86995.01463691422
Fe2N_mp-248_MRO_cell047_idx00005_seed001250005.npz,Fe2N_mp-248,MRO,10044,12,0.7206067629158497,0.17748775889019844,11337.71484375,3035.641845703125,-82513.6874031222
Fe2N_mp-248_crystalline_30_cell047_idx00006_seed001250006.npz,Fe2N_mp-248,crystalline_30,11187,12,0.8825239490251988,0.16974265947045034,70242.4609375,9168.904296875,-93512.9402129277
Fe2N_mp-248_nanocrystalline_cell047_idx00007_seed001250007.npz,Fe2N_mp-248,nanocrystalline,10959,12,0.8507063752040267,0.17177143558769,52126.69140625,5812.34423828125,-91174.77436316518
Fe2N_mp-248_amorphous_cell047_idx00008_seed001250008.npz,Fe2N_mp-248,amorphous,10500,12,0.7872899619396776,0.1760233167843202,5231.107421875,4462.642578125,-85620.58928057515
Fe2N_mp-248_SRO_cell047_idx00009_seed001250009.npz,Fe2N_mp-248,SRO,10500,12,0.788552121957764,0.1750597157822363,8497.3076171875,3121.17919921875,-86251.62112027452
Fe2N_mp-248_LRO_cell047_idx00010_seed001250010.npz,Fe2N_mp-248,LRO,10500,12,0.7865326479077339,0.1742251493874978,23658.29296875,4249.88818359375,-86971.39022841961
Fe2N_mp-248_MRO_cell047_idx00011_seed001250011.npz,Fe2N_mp-248,MRO,10044,12,0.7204030801076442,0.1773673535273557,10361.8671875,2977.232666015625,-82550.97676353465
Fe7C3_mp-18257_crystalline_30_cell047_idx00000_seed001197000.npz,Fe7C3_mp-18257,crystalline_30,11580,12,0.9455020348541439,0.16362524165800876,36558.87109375,4961.65576171875,-98091.04598093942
Fe7C3_mp-18257_nanocrystalline_cell047_idx00001_seed001197001.npz,Fe7C3_mp-18257,nanocrystalline,11350,12,0.9110703880432993,0.16442291031857367,30476.724609375,4731.4130859375,-95442.64046534795
Fe7C3_mp-18257_amorphous_cell047_idx00002_seed001197002.npz,Fe7C3_mp-18257,amorphous,10870,12,0.8225902989506721,0.16788150337061042,15223.3916015625,6246.21630859375,-89148.22082935426
Fe7C3_mp-18257_SRO_cell047_idx00003_seed001197003.npz,Fe7C3_mp-18257,SRO,10870,12,0.8272337359376252,0.16695514294212047,18090.73828125,4859.39697265625,-89810.5509305969
Fe7C3_mp-18257_LRO_cell047_idx00004_seed001197004.npz,Fe7C3_mp-18257,LRO,10870,12,0.8392060121987015,0.16594109636128326,21948.1640625,3482.389892578125,-90822.3020848132
Fe7C3_mp-18257_MRO_cell047_idx00005_seed001197005.npz,Fe7C3_mp-18257,MRO,10400,12,0.7673603021539748,0.16788496686634535,15125.138671875,3626.887939453125,-85776.67078520023
Fe7C3_mp-18257_crystalline_30_cell047_idx00006_seed001197006.npz,Fe7C3_mp-18257,crystalline_30,11580,12,0.9468960301019251,0.1634308829311151,35034.48828125,4934.361328125,-98022.09358810823
Fe7C3_mp-18257_nanocrystalline_cell047_idx00007_seed001197007.npz,Fe7C3_mp-18257,nanocrystalline,11350,12,0.9115391839295626,0.1642591219036829,29018.005859375,4543.615234375,-95521.03371153244
Fe7C3_mp-18257_amorphous_cell047_idx00008_seed001197008.npz,Fe7C3_mp-18257,amorphous,10870,12,0.8230992017779499,0.16782796716041465,15234.5859375,6938.6025390625,-89203.3681375833
Fe7C3_mp-18257_SRO_cell047_idx00009_seed001197009.npz,Fe7C3_mp-18257,SRO,10870,12,0.8270402220077813,0.1667791956715306,17317.0546875,4922.35546875,-89776.27361235168
Fe7C3_mp-18257_LRO_cell047_idx00010_seed001197010.npz,Fe7C3_mp-18257,LRO,10870,12,0.836242743069306,0.1666670104742995,21373.38671875,3788.060302734375,-90762.94176549067
Fe7C3_mp-18257_MRO_cell047_idx00011_seed001197011.npz,Fe7C3_mp-18257,MRO,10400,12,0.7691873740404844,0.16804003798593614,16218.9775390625,3732.723388671875,-85880.07588359277
Fe7C3_mp-21717_crystalline_30_cell047_idx00000_seed001231000.npz,Fe7C3_mp-21717,crystalline_30,11530,12,0.9348402719479054,0.16216353679988793,23164.75,4862.72998046875,-97529.2957639683
Fe7C3_mp-21717_nanocrystalline_cell047_idx00001_seed001231001.npz,Fe7C3_mp-21717,nanocrystalline,11300,12,0.8993546480778605,0.163462611608192,17899.98828125,4015.326416015625,-95134.20861225818
Fe7C3_mp-21717_amorphous_cell047_idx00002_seed001231002.npz,Fe7C3_mp-21717,amorphous,10820,12,0.8171643288806081,0.1648470501161841,16116.3828125,6741.8037109375,-88213.85513227424
Fe7C3_mp-21717_SRO_cell047_idx00003_seed001231003.npz,Fe7C3_mp-21717,SRO,10820,12,0.8184131230227649,0.1646610300004257,15422.2763671875,5064.74462890625,-89228.28634146464
Fe7C3_mp-21717_LRO_cell047_idx00004_seed001231004.npz,Fe7C3_mp-21717,LRO,10820,12,0.8253536410629749,0.1651023241437973,13286.31640625,4087.657958984375,-90316.60225332249
Fe7C3_mp-21717_MRO_cell047_idx00005_seed001231005.npz,Fe7C3_mp-21717,MRO,10350,12,0.7573814899660647,0.16675426706661028,10670.875,3406.241455078125,-85378.91533584103
Fe7C3_mp-21717_crystalline_30_cell047_idx00006_seed001231006.npz,Fe7C3_mp-21717,crystalline_30,11530,12,0.9338993900455534,0.16231801732464493,22806.595703125,4265.4150390625,-97674.44338994882
Fe7C3_mp-21717_nanocrystalline_cell047_idx00007_seed001231007.npz,Fe7C3_mp-21717,nanocrystalline,11300,12,0.8973433040082455,0.16350919082240845,17681.40234375,3948.922119140625,-95054.39783288894
Fe7C3_mp-21717_amorphous_cell047_idx00008_seed001231008.npz,Fe7C3_mp-21717,amorphous,10820,12,0.8200625679455698,0.1649171248247808,16426.822265625,7090.1806640625,-88180.84302372458
Fe7C3_mp-21717_SRO_cell047_idx00009_seed001231009.npz,Fe7C3_mp-21717,SRO,10820,12,0.8200861341319978,0.16480272644221294,16117.34375,4909.404296875,-89230.7176343955
Fe7C3_mp-21717_LRO_cell047_idx00010_seed001231010.npz,Fe7C3_mp-21717,LRO,10820,12,0.8250350479502231,0.16546321083408086,12361.2900390625,3375.140869140625,-90324.2710145171
Fe7C3_mp-21717_MRO_cell047_idx00011_seed001231011.npz,Fe7C3_mp-21717,MRO,10350,12,0.7580813320819288,0.16748866532588433,10940.2529296875,3362.16552734375,-85345.566252147
GeO2_mp-223_crystalline_30_cell050_idx00000_seed001235000.npz,GeO2_mp-223,crystalline_30,9066,12,0.5215293599758297,0.1817707535445866,5217.95361328125,262.7301025390625,-55544.392160325995
GeO2_mp-223_nanocrystalline_cell050_idx00001_seed001235001.npz,GeO2_mp-223,nanocrystalline,8880,12,0.49367479304783046,0.1842443138477077,4601.458984375,362.63995361328125,-52849.460531057375
GeO2_mp-223_amorphous_cell050_idx00002_seed001235002.npz,GeO2_mp-223,amorphous,8511,12,0.4559881838504225,0.18663412453649686,2950.210693359375,1354.713623046875,-45937.820485596516
GeO2_mp-223_SRO_cell050_idx00003_seed001235003.npz,GeO2_mp-223,SRO,8511,12,0.4533756540622562,0.18648050176144432,2998.769287109375,838.4820556640625,-47666.36286762138
GeO2_mp-223_LRO_cell050_idx00004_seed001235004.npz,GeO2_mp-223,LRO,8511,12,0.4553811310324818,0.18661892273317904,4710.50341796875,386.6247863769531,-49603.43944404771
GeO2_mp-223_MRO_cell050_idx00005_seed001235005.npz,GeO2_mp-223,MRO,8142,12,0.419369257055223,0.18871483493357652,3352.238037109375,478.42529296875,-45737.019409894805
GeO2_mp-223_crystalline_30_cell050_idx00006_seed001235006.npz,GeO2_mp-223,crystalline_30,9066,12,0.5200325560290366,0.18199304257277574,4815.82275390625,293.611328125,-55373.7335892275
GeO2_mp-223_nanocrystalline_cell050_idx00007_seed001235007.npz,GeO2_mp-223,nanocrystalline,8880,12,0.49369110399857163,0.18366850537555224,4395.70703125,357.16412353515625,-52989.015284975896
GeO2_mp-223_amorphous_cell050_idx00008_seed001235008.npz,GeO2_mp-223,amorphous,8511,12,0.4526101038791239,0.1862453744481285,3021.696533203125,1309.33251953125,-45959.06504353192
GeO2_mp-223_SRO_cell050_idx00009_seed001235009.npz,GeO2_mp-223,SRO,8511,12,0.45399689488112926,0.18624935703708523,3017.0263671875,884.7262573242188,-47885.961663881
GeO2_mp-223_LRO_cell050_idx00010_seed001235010.npz,GeO2_mp-223,LRO,8511,12,0.45577253703959286,0.18661821195400166,4992.9326171875,400.1336975097656,-49578.195185495584
GeO2_mp-223_MRO_cell050_idx00011_seed001235011.npz,GeO2_mp-223,MRO,8142,12,0.4204796329140663,0.1883495595825506,2916.494384765625,412.7693176269531,-45891.79732554688
GeO2_mp-470_crystalline_30_cell047_idx00000_seed001303000.npz,GeO2_mp-470,crystalline_30,11253,12,0.8787000509910285,0.16949874780969032,31865.169921875,1406.19287109375,-68961.17945686389
GeO2_mp-470_nanocrystalline_cell047_idx00001_seed001303001.npz,GeO2_mp-470,nanocrystalline,11022,12,0.8431291540618986,0.17187247589710972,15002.6748046875,1589.8880615234375,-66208.40530960317
GeO2_mp-470_amorphous_cell047_idx00002_seed001303002.npz,GeO2_mp-470,amorphous,10563,12,0.7865670560859144,0.17717407755231038,12192.95703125,4223.20166015625,-56580.62175599221
GeO2_mp-470_SRO_cell047_idx00003_seed001303003.npz,GeO2_mp-470,SRO,10563,12,0.7881360310129821,0.1760308847425851,11403.8076171875,3355.3564453125,-59462.14437413239
GeO2_mp-470_LRO_cell047_idx00004_seed001303004.npz,GeO2_mp-470,LRO,10563,12,0.7829652708023787,0.1735419968944649,13022.6728515625,1622.919921875,-62016.31649523885
GeO2_mp-470_MRO_cell047_idx00005_seed001303005.npz,GeO2_mp-470,MRO,10104,12,0.7216569459997118,0.1768543652352677,9302.298828125,1635.049560546875,-57555.34385256724
GeO2_mp-470_crystalline_30_cell047_idx00006_seed001303006.npz,GeO2_mp-470,crystalline_30,11253,12,0.8812733921222389,0.16953883720248603,28772.220703125,1320.655517578125,-69039.9508590253
GeO2_mp-470_nanocrystalline_cell047_idx00007_seed001303007.npz,GeO2_mp-470,nanocrystalline,11022,12,0.8471488680224866,0.17173872009097604,15835.5048828125,1507.5313720703125,-66047.89217060445
GeO2_mp-470_amorphous_cell047_idx00008_seed001303008.npz,GeO2_mp-470,amorphous,10563,12,0.7869252690579742,0.1772144080629624,12230.0361328125,4039.181884765625,-56397.12897790598
GeO2_mp-470_SRO_cell047_idx00009_seed001303009.npz,GeO2_mp-470,SRO,10563,12,0.7879279779735953,0.1760354623637073,12110.357421875,3493.564697265625,-59563.13535266087
GeO2_mp-470_LRO_cell047_idx00010_seed001303010.npz,GeO2_mp-470,LRO,10563,12,0.7827266899403185,0.17348777735762386,11967.9462890625,1497.9915771484375,-62126.2888138947
GeO2_mp-470_MRO_cell047_idx00011_seed001303011.npz,GeO2_mp-470,MRO,10104,12,0.7191685731522739,0.17679549039255557,9182.3212890625,1618.7906494140625,-57525.06637833573
Hf3N4_mp-11660_crystalline_30_cell050_idx00000_seed001067000.npz,Hf3N4_mp-11660,crystalline_30,11326,12,0.7776615950278938,0.16708438206032633,16659.5390625,4981.880859375,-113321.75492022382
Hf3N4_mp-11660_nanocrystalline_cell050_idx00001_seed001067001.npz,Hf3N4_mp-11660,nanocrystalline,11095,12,0.7495855558663607,0.1678943517696941,12179.4140625,4058.342041015625,-110130.09766544112
Hf3N4_mp-11660_amorphous_cell050_idx00002_seed001067002.npz,Hf3N4_mp-11660,amorphous,10633,12,0.6901875049807131,0.16660632944727805,9371.2216796875,2284.053955078125,-100030.28258989507
Hf3N4_mp-11660_SRO_cell050_idx00003_seed001067003.npz,Hf3N4_mp-11660,SRO,10633,12,0.6941180760040879,0.16801801734944055,9438.87890625,2684.574951171875,-101966.68303168195
Hf3N4_mp-11660_LRO_cell050_idx00004_seed001067004.npz,Hf3N4_mp-11660,LRO,10633,12,0.6931437200400978,0.17078102113510066,9502.068359375,2558.492431640625,-105505.08576609474
Hf3N4_mp-11660_MRO_cell050_idx00005_seed001067005.npz,Hf3N4_mp-11660,MRO,10171,12,0.6343368799425662,0.17174485235308584,8340.693359375,2240.890869140625,-99222.65467931808
Hf3N4_mp-11660_crystalline_30_cell050_idx00006_seed001067006.npz,Hf3N4_mp-11660,crystalline_30,11326,12,0.7866877450142056,0.16703662273394929,17324.943359375,5146.14013671875,-113196.03660650825
Hf3N4_mp-11660_nanocrystalline_cell050_idx00007_seed001067007.npz,Hf3N4_mp-11660,nanocrystalline,11095,12,0.7486495671328157,0.16805479189255917,12387.16796875,4047.84814453125,-109957.13912359181
Hf3N4_mp-11660_amorphous_cell050_idx00008_seed001067008.npz,Hf3N4_mp-11660,amorphous,10633,12,0.6887770059984177,0.16716594757416897,9202.541015625,2062.49755859375,-100219.44582658786
Hf3N4_mp-11660_SRO_cell050_idx00009_seed001067009.npz,Hf3N4_mp-11660,SRO,10633,12,0.6900291969068348,0.168394804842872,8854.494140625,2483.0068359375,-101947.98623247561
Hf3N4_mp-11660_LRO_cell050_idx00010_seed001067010.npz,Hf3N4_mp-11660,LRO,10633,12,0.6939524849876761,0.17024411485287122,9955.6015625,2470.20361328125,-105479.04605017787
Hf3N4_mp-11660_MRO_cell050_idx00011_seed001067011.npz,Hf3N4_mp-11660,MRO,10171,12,0.6342607529368252,0.17190471667772525,8994.130859375,2311.72314453125,-99273.3450391546
Hf3N4_mp-754434_crystalline_30_cell050_idx00000_seed001450000.npz,Hf3N4_mp-754434,crystalline_30,10129,12,0.605418988969177,0.1711514669541614,16896.091796875,2661.859375,-102079.52900451527
Hf3N4_mp-754434_nanocrystalline_cell050_idx00001_seed001450001.npz,Hf3N4_mp-754434,nanocrystalline,9919,12,0.5938560490030795,0.17242127765077606,9246.638671875,2618.763916015625,-99153.20083856837
Hf3N4_mp-754434_amorphous_cell050_idx00002_seed001450002.npz,Hf3N4_mp-754434,amorphous,9506,12,0.5587285680230707,0.1753647074807331,7712.638671875,2385.5009765625,-91952.33277713976
Hf3N4_mp-754434_SRO_cell050_idx00003_seed001450003.npz,Hf3N4_mp-754434,SRO,9506,12,0.5558556830510497,0.17595092638016044,7417.41015625,2108.795654296875,-93084.16439717314
Hf3N4_mp-754434_LRO_cell050_idx00004_seed001450004.npz,Hf3N4_mp-754434,LRO,9506,12,0.5440999490674585,0.17563419883214884,7476.31494140625,2395.961181640625,-94073.08112208304
Hf3N4_mp-754434_MRO_cell050_idx00005_seed001450005.npz,Hf3N4_mp-754434,MRO,9093,12,0.5061590299010277,0.17811559383866055,6016.56982421875,2168.829345703125,-88808.81451739336
Hf3N4_mp-754434_crystalline_30_cell050_idx00006_seed001450006.npz,Hf3N4_mp-754434,crystalline_30,10129,12,0.6051963670179248,0.1707112182561888,17078.599609375,2630.6337890625,-102076.9619447736
Hf3N4_mp-754434_nanocrystalline_cell050_idx00007_seed001450007.npz,Hf3N4_mp-754434,nanocrystalline,9919,12,0.5918790651485324,0.17251794857914807,10180.568359375,2257.543701171875,-99134.82313789877
Hf3N4_mp-754434_amorphous_cell050_idx00008_seed001450008.npz,Hf3N4_mp-754434,amorphous,9506,12,0.5560388169251382,0.17542312871359428,7387.8525390625,2546.92822265625,-91802.11605636725
Hf3N4_mp-754434_SRO_cell050_idx00009_seed001450009.npz,Hf3N4_mp-754434,SRO,9506,12,0.5547008600551635,0.17571984754434342,7240.8310546875,2333.485107421875,-93105.69595868212
Hf3N4_mp-754434_LRO_cell050_idx00010_seed001450010.npz,Hf3N4_mp-754434,LRO,9506,12,0.5443864339031279,0.1755263607875333,7282.96875,2546.661376953125,-94271.03842378726
Hf3N4_mp-754434_MRO_cell050_idx00011_seed001450011.npz,Hf3N4_mp-754434,MRO,9093,12,0.5059319911524653,0.17805000284579264,5880.0263671875,1740.7027587890625,-88797.15481905006
Hf3N4_mp-776470_crystalline_30_cell050_idx00000_seed001471000.npz,Hf3N4_mp-776470,crystalline_30,10227,12,0.6274356341455132,0.168318439649526,35963.328125,11189.4736328125,-105838.72784671481
Hf3N4_mp-776470_nanocrystalline_cell050_idx00001_seed001471001.npz,Hf3N4_mp-776470,nanocrystalline,10017,12,0.607017460046336,0.1699979786239152,18169.3671875,5777.84375,-101733.95862335648
Hf3N4_mp-776470_amorphous_cell050_idx00002_seed001471002.npz,Hf3N4_mp-776470,amorphous,9597,12,0.567837764043361,0.17420049455195832,8860.98046875,3362.253662109375,-91634.36131267391
Hf3N4_mp-776470_SRO_cell050_idx00003_seed001471003.npz,Hf3N4_mp-776470,SRO,9597,12,0.5670588668435812,0.1735164239923822,10636.380859375,3621.77685546875,-93686.60064338073
Hf3N4_mp-776470_LRO_cell050_idx00004_seed001471004.npz,Hf3N4_mp-776470,LRO,9597,12,0.5612402758561075,0.17165046689584518,12938.2802734375,5770.92041015625,-96044.61059091084
Hf3N4_mp-776470_MRO_cell050_idx00005_seed001471005.npz,Hf3N4_mp-776470,MRO,9177,12,0.5201523499563336,0.17360613652570817,9496.009765625,3778.99072265625,-89754.25288195368
Hf3N4_mp-776470_crystalline_30_cell050_idx00006_seed001471006.npz,Hf3N4_mp-776470,crystalline_30,10227,12,0.6317481740843505,0.16834313209245377,29678.466796875,9073.04296875,-105304.16878528394
Hf3N4_mp-776470_nanocrystalline_cell050_idx00007_seed001471007.npz,Hf3N4_mp-776470,nanocrystalline,10017,12,0.6072902870364487,0.16986859389612458,19152.802734375,5884.4814453125,-101587.53238687251
Hf3N4_mp-776470_amorphous_cell050_idx00008_seed001471008.npz,Hf3N4_mp-776470,amorphous,9597,12,0.5653693799395114,0.17434744903093816,9155.8349609375,3474.625,-91752.21091854876
Hf3N4_mp-776470_SRO_cell050_idx00009_seed001471009.npz,Hf3N4_mp-776470,SRO,9597,12,0.5650118901394308,0.17359601408145153,11088.6865234375,3467.7099609375,-93707.0958864527
Hf3N4_mp-776470_LRO_cell050_idx00010_seed001471010.npz,Hf3N4_mp-776470,LRO,9597,12,0.5605630159843713,0.1717561624740283,13568.5712890625,5039.24169921875,-96059.49354494862
Hf3N4_mp-776470_MRO_cell050_idx00011_seed001471011.npz,Hf3N4_mp-776470,MRO,9177,12,0.5199783029966056,0.17391372739153704,9374.865234375,3839.872802734375,-89841.81582670254
K2O_mp-776016_crystalline_30_cell050_idx00000_seed001468000.npz,K2O_mp-776016,crystalline_30,5508,12,0.2175070138182491,0.20419633563513576,2356.34716796875,0.0,-17898.247257682484
K2O_mp-776016_nanocrystalline_cell050_idx00001_seed001468001.npz,K2O_mp-776016,nanocrystalline,5394,12,0.2110552580561489,0.20113388057189452,2348.607666015625,0.0,-17200.090170721745
K2O_mp-776016_amorphous_cell050_idx00002_seed001468002.npz,K2O_mp-776016,amorphous,5172,12,0.19708060403354466,0.19602154898865326,2366.035400390625,0.0,-15595.330398543809
K2O_mp-776016_SRO_cell050_idx00003_seed001468003.npz,K2O_mp-776016,SRO,5172,12,0.19509550696238875,0.19853979326283552,2317.615234375,0.0,-15955.765690538288
K2O_mp-776016_LRO_cell050_idx00004_seed001468004.npz,K2O_mp-776016,LRO,5172,12,0.19908223510719836,0.20118931375447446,2012.246826171875,0.0,-16412.94146266838
K2O_mp-776016_MRO_cell050_idx00005_seed001468005.npz,K2O_mp-776016,MRO,4947,12,0.18448683992028236,0.20001520920724108,1866.5540771484375,0.0,-15368.84740211105
K2O_mp-776016_crystalline_30_cell050_idx00006_seed001468006.npz,K2O_mp-776016,crystalline_30,5508,12,0.21765166497789323,0.20254657352911887,2383.54833984375,0.0,-17863.344003542024
K2O_mp-776016_nanocrystalline_cell050_idx00007_seed001468007.npz,K2O_mp-776016,nanocrystalline,5394,12,0.2101642380002886,0.20079738017545043,2405.112548828125,0.0,-17245.067844256024
K2O_mp-776016_amorphous_cell050_idx00008_seed001468008.npz,K2O_mp-776016,amorphous,5172,12,0.19544927217066288,0.19570100183325728,2420.79443359375,0.0,-15634.628826698116
K2O_mp-776016_SRO_cell050_idx00009_seed001468009.npz,K2O_mp-776016,SRO,5172,12,0.1958040080498904,0.19795599764693692,2255.42333984375,0.0,-15924.041429087383
K2O_mp-776016_LRO_cell050_idx00010_seed001468010.npz,K2O_mp-776016,LRO,5172,12,0.19872037786990404,0.200704891139899,2027.6685791015625,0.0,-16401.920341375942
K2O_mp-776016_MRO_cell050_idx00011_seed001468011.npz,K2O_mp-776016,MRO,4947,12,0.18473732681013644,0.19899334719978642,1907.618408203125,0.0,-15344.646154585456
K2O_mp-998929_crystalline_30_cell050_idx00000_seed001513000.npz,K2O_mp-998929,crystalline_30,6276,12,0.2599842599593103,0.20144623847870338,3220.625,0.0,-20028.604177937887
K2O_mp-998929_nanocrystalline_cell050_idx00001_seed001513001.npz,K2O_mp-998929,nanocrystalline,6150,12,0.2600109209306538,0.2004866464812638,2771.1953125,0.0,-19353.66505635338
K2O_mp-998929_amorphous_cell050_idx00002_seed001513002.npz,K2O_mp-998929,amorphous,5892,12,0.23874485702253878,0.19351773147635123,2777.342529296875,0.0,-17483.569775532433
K2O_mp-998929_SRO_cell050_idx00003_seed001513003.npz,K2O_mp-998929,SRO,5892,12,0.23900339705869555,0.19734273041084882,2828.628662109375,0.0,-17876.950982266768
K2O_mp-998929_LRO_cell050_idx00004_seed001513004.npz,K2O_mp-998929,LRO,5892,12,0.23654692783020437,0.20138224469095073,2411.06787109375,0.0,-18471.458038452292
K2O_mp-998929_MRO_cell050_idx00005_seed001513005.npz,K2O_mp-998929,MRO,5637,12,0.22340196720324457,0.19990075597137674,2183.5869140625,0.0,-17388.606115859347
K2O_mp-998929_crystalline_30_cell050_idx00006_seed001513006.npz,K2O_mp-998929,crystalline_30,6276,12,0.261566940927878,0.20182722072738532,3016.9150390625,0.0,-20033.32172710544
K2O_mp-998929_nanocrystalline_cell050_idx00007_seed001513007.npz,K2O_mp-998929,nanocrystalline,6150,12,0.25977838202379644,0.20046623281825854,2801.6767578125,0.0,-19385.00577406054
K2O_mp-998929_amorphous_cell050_idx00008_seed001513008.npz,K2O_mp-998929,amorphous,5892,12,0.23954038601368666,0.19362109097748706,2815.9453125,0.0007294050883501768,-17458.70977284921
K2O_mp-998929_SRO_cell050_idx00009_seed001513009.npz,K2O_mp-998929,SRO,5892,12,0.23755757114849985,0.1971312695839245,2800.328125,0.0,-17936.307230374525
K2O_mp-998929_LRO_cell050_idx00010_seed001513010.npz,K2O_mp-998929,LRO,5892,12,0.2363345460034907,0.2016361782695033,2414.450439453125,0.0,-18497.041614019985
K2O_mp-998929_MRO_cell050_idx00011_seed001513011.npz,K2O_mp-998929,MRO,5637,12,0.22264943202026188,0.20033291523205937,2195.171630859375,0.0,-17376.758235702917
MoN_mp-1065394_crystalline_30_cell050_idx00000_seed001033000.npz,MoN_mp-1065394,crystalline_30,12032,12,0.8728413588833064,0.16629115463324146,196088.40625,3662.487548828125,-116641.0916905577
MoN_mp-1065394_nanocrystalline_cell050_idx00001_seed001033001.npz,MoN_mp-1065394,nanocrystalline,11788,12,0.8346420989837497,0.16696167065577144,111234.59375,1195.995849609375,-113539.18684743208
MoN_mp-1065394_amorphous_cell050_idx00002_seed001033002.npz,MoN_mp-1065394,amorphous,11296,12,0.7639434221200645,0.16921139852842326,5135.8955078125,2218.676025390625,-106546.66600080072
MoN_mp-1065394_SRO_cell050_idx00003_seed001033003.npz,MoN_mp-1065394,SRO,11296,12,0.7670151209458709,0.16947648928760584,6438.70263671875,1153.6868896484375,-107300.89887323407
MoN_mp-1065394_LRO_cell050_idx00004_seed001033004.npz,MoN_mp-1065394,LRO,11296,12,0.7830824330449104,0.16812879964084992,65309.765625,13854.5771484375,-108731.25986772821
MoN_mp-1065394_MRO_cell050_idx00005_seed001033005.npz,MoN_mp-1065394,MRO,10804,12,0.7131016631610692,0.17145558980321635,10079.84765625,5741.0732421875,-102999.8684079953
MoN_mp-1065394_crystalline_30_cell050_idx00006_seed001033006.npz,MoN_mp-1065394,crystalline_30,12032,12,0.8752935309894383,0.16599306297116667,220642.40625,2756.59619140625,-116697.04121653273
MoN_mp-1065394_nanocrystalline_cell050_idx00007_seed001033007.npz,MoN_mp-1065394,nanocrystalline,11788,12,0.8384803719818592,0.16689833913446747,114335.1015625,1212.570556640625,-113559.7675441182
MoN_mp-1065394_amorphous_cell050_idx00008_seed001033008.npz,MoN_mp-1065394,amorphous,11296,12,0.7659887669142336,0.16909199707284372,5253.56982421875,2245.86669921875,-106575.09294441795
MoN_mp-1065394_SRO_cell050_idx00009_seed001033009.npz,MoN_mp-1065394,SRO,11296,12,0.766934396000579,0.16948874252463642,6884.57373046875,1103.4278564453125,-107273.07998370743
MoN_mp-1065394_LRO_cell050_idx00010_seed001033010.npz,MoN_mp-1065394,LRO,11296,12,0.782712547108531,0.16864990394825766,69368.6796875,13042.7138671875,-108675.68833723961
MoN_mp-1065394_MRO_cell050_idx00011_seed001033011.npz,MoN_mp-1065394,MRO,10804,12,0.7104337539058179,0.1711161591870858,10236.556640625,7742.2490234375,-102960.6094675489
MoN_mp-1078389_crystalline_30_cell050_idx00000_seed001046000.npz,MoN_mp-1078389,crystalline_30,12228,12,0.8982058588881046,0.16455569483567423,140899.421875,28507.830078125,-118631.16316458203
MoN_mp-1078389_nanocrystalline_cell050_idx00001_seed001046001.npz,MoN_mp-1078389,nanocrystalline,11978,12,0.8580157288815826,0.1661632628265138,85679.5625,19870.251953125,-115371.79270221438
MoN_mp-1078389_amorphous_cell050_idx00002_seed001046002.npz,MoN_mp-1078389,amorphous,11478,12,0.787601982941851,0.16745360960903943,6267.18994140625,1620.79296875,-107703.91172501784
MoN_mp-1078389_SRO_cell050_idx00003_seed001046003.npz,MoN_mp-1078389,SRO,11478,12,0.7870831580366939,0.16756284261812246,9031.3134765625,4521.3056640625,-108688.44428526891
MoN_mp-1078389_LRO_cell050_idx00004_seed001046004.npz,MoN_mp-1078389,LRO,11478,12,0.7976813139393926,0.16704636671824372,52485.265625,39066.5625,-110352.51366225934
MoN_mp-1078389_MRO_cell050_idx00005_seed001046005.npz,MoN_mp-1078389,MRO,10980,12,0.7288386248983443,0.16943287834185605,14708.224609375,21283.830078125,-104479.06327107626
MoN_mp-1078389_crystalline_30_cell050_idx00006_seed001046006.npz,MoN_mp-1078389,crystalline_30,12228,12,0.8982062002178282,0.16515899533773554,167093.03125,29480.275390625,-118727.90367984577
MoN_mp-1078389_nanocrystalline_cell050_idx00007_seed001046007.npz,MoN_mp-1078389,nanocrystalline,11978,12,0.8607778411824256,0.1655413824174312,94094.296875,25757.375,-115469.8143482353
MoN_mp-1078389_amorphous_cell050_idx00008_seed001046008.npz,MoN_mp-1078389,amorphous,11478,12,0.7873705858364701,0.16708745765698702,6190.94482421875,1892.4969482421875,-107653.45344182578
MoN_mp-1078389_SRO_cell050_idx00009_seed001046009.npz,MoN_mp-1078389,SRO,11478,12,0.7894847230054438,0.1677108346904798,8331.8564453125,4736.353515625,-108693.27082129702
MoN_mp-1078389_LRO_cell050_idx00010_seed001046010.npz,MoN_mp-1078389,LRO,11478,12,0.7993366199079901,0.1672838086496378,52094.48828125,43667.3203125,-110431.0422493724
MoN_mp-1078389_MRO_cell050_idx00011_seed001046011.npz,MoN_mp-1078389,MRO,10980,12,0.726910328026861,0.16925523979136442,13973.3359375,20868.00390625,-104526.50463323908
MoN_mp-13036_crystalline_30_cell050_idx00000_seed001152000.npz,MoN_mp-13036,crystalline_30,11894,12,0.8573592170141637,0.16712249705170032,218479.359375,13252.3232421875,-115448.00764495492
MoN_mp-13036_nanocrystalline_cell050_idx00001_seed001152001.npz,MoN_mp-13036,nanocrystalline,11652,12,0.819011467974633,0.16806861727297653,117008.8671875,5020.58642578125,-112506.48155103884
MoN_mp-13036_amorphous_cell050_idx00002_seed001152002.npz,MoN_mp-13036,amorphous,11166,12,0.74796884204261,0.1696119719026369,5199.80322265625,2089.916259765625,-105312.49239001183
MoN_mp-13036_SRO_cell050_idx00003_seed001152003.npz,MoN_mp-13036,SRO,11166,12,0.7516805091872811,0.1703242963563701,5995.939453125,2190.003173828125,-106026.93390832875
MoN_mp-13036_LRO_cell050_idx00004_seed001152004.npz,MoN_mp-13036,LRO,11166,12,0.7609542240388691,0.16989786696290254,48453.10546875,3862.865234375,-107447.24035330175
MoN_mp-13036_MRO_cell050_idx00005_seed001152005.npz,MoN_mp-13036,MRO,10680,12,0.7002932839095592,0.17265316047504706,10410.314453125,2668.605712890625,-101771.36471149018
MoN_mp-13036_crystalline_30_cell050_idx00006_seed001152006.npz,MoN_mp-13036,crystalline_30,11894,12,0.8594792459625751,0.16770863489043178,226719.3125,15501.4150390625,-115494.44527167083
MoN_mp-13036_nanocrystalline_cell050_idx00007_seed001152007.npz,MoN_mp-13036,nanocrystalline,11652,12,0.8184463940560818,0.1680145090270534,105674.2109375,3776.113525390625,-112493.3028002578
MoN_mp-13036_amorphous_cell050_idx00008_seed001152008.npz,MoN_mp-13036,amorphous,11166,12,0.7481015590019524,0.16939828906148396,5236.84912109375,2230.237548828125,-105287.68757251266
MoN_mp-13036_SRO_cell050_idx00009_seed001152009.npz,MoN_mp-13036,SRO,11166,12,0.7497293869964778,0.17039510787216283,5814.58984375,2324.24169921875,-106005.37346729224
MoN_mp-13036_LRO_cell050_idx00010_seed001152010.npz,MoN_mp-13036,LRO,11166,12,0.761965308804065,0.16983097667094593,50654.05078125,3737.1025390625,-107487.92780941006
MoN_mp-13036_MRO_cell050_idx00011_seed001152011.npz,MoN_mp-13036,MRO,10680,12,0.697483419906348,0.17271902999633607,9154.3779296875,2421.45068359375,-101751.70439508015
MoN_mp-2811_crystalline_30_cell050_idx00000_seed001275000.npz,MoN_mp-2811,crystalline_30,12158,12,0.8894146371167153,0.16124803107553828,134871.4375,21936.861328125,-117449.74127724666
MoN_mp-2811_nanocrystalline_cell050_idx00001_seed001275001.npz,MoN_mp-2811,nanocrystalline,11910,12,0.8528829899150878,0.16275249921438315,54582.3203125,22549.6171875,-114428.83455204066
MoN_mp-2811_amorphous_cell050_idx00002_seed001275002.npz,MoN_mp-2811,amorphous,11414,12,0.7810804040636867,0.16546483252014496,7498.45947265625,3679.90869140625,-106189.21554411136
MoN_mp-2811_SRO_cell050_idx00003_seed001275003.npz,MoN_mp-2811,SRO,11414,12,0.782247130991891,0.16579458150197346,8502.67578125,11846.3076171875,-107614.61367154981
MoN_mp-2811_LRO_cell050_idx00004_seed001275004.npz,MoN_mp-2811,LRO,11414,12,0.7872455171309412,0.16344651999068333,33022.234375,35218.1640625,-109490.2528518392
MoN_mp-2811_MRO_cell050_idx00005_seed001275005.npz,MoN_mp-2811,MRO,10918,12,0.7227708529680967,0.16698617599313098,10882.4345703125,26509.16796875,-103617.09312947959
MoN_mp-2811_crystalline_30_cell050_idx00006_seed001275006.npz,MoN_mp-2811,crystalline_30,12158,12,0.8867483211215585,0.16131134267886996,136949.265625,23885.50390625,-117515.92717103749
MoN_mp-2811_nanocrystalline_cell050_idx00007_seed001275007.npz,MoN_mp-2811,nanocrystalline,11910,12,0.8533050459809601,0.16241099539810258,59863.73046875,26188.533203125,-114505.40210725748
MoN_mp-2811_amorphous_cell050_idx00008_seed001275008.npz,MoN_mp-2811,amorphous,11414,12,0.7793154208920896,0.16527491779670928,7436.80859375,3605.926025390625,-106079.76228410556
MoN_mp-2811_SRO_cell050_idx00009_seed001275009.npz,MoN_mp-2811,SRO,11414,12,0.7823281069286168,0.16554610349210497,8140.0869140625,10781.388671875,-107558.89245440201
MoN_mp-2811_LRO_cell050_idx00010_seed001275010.npz,MoN_mp-2811,LRO,11414,12,0.7896440550684929,0.16380443212821483,31450.615234375,33336.28515625,-109455.50237483997
MoN_mp-2811_MRO_cell050_idx00011_seed001275011.npz,MoN_mp-2811,MRO,10918,12,0.7276989531237632,0.16665454371653646,9833.23828125,24927.908203125,-103554.36205162555
Nb4C3_mp-1220501_crystalline_30_cell050_idx00000_seed001125000.npz,Nb4C3_mp-1220501,crystalline_30,9660,12,0.567610434954986,0.17878643146890708,51809.859375,3351.43701171875,-94543.64458481933
Nb4C3_mp-1220501_nanocrystalline_cell050_idx00001_seed001125001.npz,Nb4C3_mp-1220501,nanocrystalline,9464,12,0.5547561571002007,0.18060170024811895,28467.640625,1724.7127685546875,-91538.32475106262
Nb4C3_mp-1220501_amorphous_cell050_idx00002_seed001125002.npz,Nb4C3_mp-1220501,amorphous,9072,12,0.5086941588670015,0.18215372737271102,5878.68017578125,730.1142578125,-84437.06567857637
Nb4C3_mp-1220501_SRO_cell050_idx00003_seed001125003.npz,Nb4C3_mp-1220501,SRO,9072,12,0.5077126622200012,0.18318591273563858,7007.29638671875,887.3422241210938,-85571.03004021556
Nb4C3_mp-1220501_LRO_cell050_idx00004_seed001125004.npz,Nb4C3_mp-1220501,LRO,9072,12,0.5079190609976649,0.18311078296644664,18396.119140625,1481.5006103515625,-86901.42752191797
Nb4C3_mp-1220501_MRO_cell050_idx00005_seed001125005.npz,Nb4C3_mp-1220501,MRO,8673,12,0.46833885298110545,0.18565902680541596,7796.7314453125,1181.16015625,-81606.04995422185
Nb4C3_mp-1220501_crystalline_30_cell050_idx00006_seed001125006.npz,Nb4C3_mp-1220501,crystalline_30,9660,12,0.5709587840829045,0.1801519853472509,57115.94921875,3378.228759765625,-94480.25835089761
Nb4C3_mp-1220501_nanocrystalline_cell050_idx00007_seed001125007.npz,Nb4C3_mp-1220501,nanocrystalline,9464,12,0.5554218289908022,0.18035342315560307,27549.224609375,1942.9847412109375,-91474.85454391083
Nb4C3_mp-1220501_amorphous_cell050_idx00008_seed001125008.npz,Nb4C3_mp-1220501,amorphous,9072,12,0.5085416380316019,0.18224805449983036,5910.017578125,762.7985229492188,-84405.52287233285
Nb4C3_mp-1220501_SRO_cell050_idx00009_seed001125009.npz,Nb4C3_mp-1220501,SRO,9072,12,0.5092870690859854,0.18326276306383202,7030.2275390625,823.42578125,-85491.63334800818
Nb4C3_mp-1220501_LRO_cell050_idx00010_seed001125010.npz,Nb4C3_mp-1220501,LRO,9072,12,0.5085320088546723,0.1828780089330914,18941.87890625,1552.497314453125,-86947.05485786214
Nb4C3_mp-1220501_MRO_cell050_idx00011_seed001125011.npz,Nb4C3_mp-1220501,MRO,8673,12,0.46759935002774,0.18542666202817437,7226.17919921875,1017.7432861328125,-81652.91021610168
Nb4C3_mp-1220515_crystalline_30_cell050_idx00000_seed001126000.npz,Nb4C3_mp-1220515,crystalline_30,9646,12,0.5711516279261559,0.1737297929174344,41050.3515625,2026.4613037109375,-94418.31352380657
Nb4C3_mp-1220515_nanocrystalline_cell050_idx00001_seed001126001.npz,Nb4C3_mp-1220515,nanocrystalline,9443,12,0.5552167620044202,0.17526540911398783,31772.689453125,1185.7294921875,-91532.60904290939
Nb4C3_mp-1220515_amorphous_cell050_idx00002_seed001126002.npz,Nb4C3_mp-1220515,amorphous,9051,12,0.5041279920842499,0.1787242975898109,6243.62548828125,637.47705078125,-85130.17772388205
Nb4C3_mp-1220515_SRO_cell050_idx00003_seed001126003.npz,Nb4C3_mp-1220515,SRO,9051,12,0.5048702179919928,0.17870196586331422,7637.1201171875,1119.4771728515625,-85892.36675454628
Nb4C3_mp-1220515_LRO_cell050_idx00004_seed001126004.npz,Nb4C3_mp-1220515,LRO,9051,12,0.5078839359339327,0.17850091069013302,19529.072265625,804.5746459960938,-86855.72312652113
Nb4C3_mp-1220515_MRO_cell050_idx00005_seed001126005.npz,Nb4C3_mp-1220515,MRO,8659,12,0.4677033817861229,0.1828871285735268,8690.4951171875,503.951171875,-82101.86582216086
Nb4C3_mp-1220515_crystalline_30_cell050_idx00006_seed001126006.npz,Nb4C3_mp-1220515,crystalline_30,9646,12,0.5710733870510012,0.17427604505595914,40308.18359375,1727.052001953125,-94316.08245489953
Nb4C3_mp-1220515_nanocrystalline_cell050_idx00007_seed001126007.npz,Nb4C3_mp-1220515,nanocrystalline,9443,12,0.5549866270739585,0.1754106142757995,29575.7109375,959.3798828125,-91416.43116542461
Nb4C3_mp-1220515_amorphous_cell050_idx00008_seed001126008.npz,Nb4C3_mp-1220515,amorphous,9051,12,0.5045699770562351,0.17821646104064287,6081.52001953125,645.7522583007812,-85093.45493208917
Nb4C3_mp-1220515_SRO_cell050_idx00009_seed001126009.npz,Nb4C3_mp-1220515,SRO,9051,12,0.5055578169412911,0.1783384637724248,7797.2451171875,1118.7435302734375,-85936.13173003535
Nb4C3_mp-1220515_LRO_cell050_idx00010_seed001126010.npz,Nb4C3_mp-1220515,LRO,9051,12,0.5092447081115097,0.1785280125203191,20502.306640625,698.6397705078125,-86833.55982738618
Nb4C3_mp-1220515_MRO_cell050_idx00011_seed001126011.npz,Nb4C3_mp-1220515,MRO,8659,12,0.46827891399152577,0.18197169606630062,8999.7265625,459.8864440917969,-82111.59448581267
NdS2_mp-13568_crystalline_30_cell050_idx00000_seed001157000.npz,NdS2_mp-13568,crystalline_30,5529,12,0.2117006229236722,0.22526543238399657,8403.6064453125,3.95695161819458,-32146.972502214412
NdS2_mp-13568_nanocrystalline_cell050_idx00001_seed001157001.npz,NdS2_mp-13568,nanocrystalline,5418,12,0.20592601597309113,0.22797824514121365,5436.1875,14.613274574279785,-30777.56249644443
NdS2_mp-13568_amorphous_cell050_idx00002_seed001157002.npz,NdS2_mp-13568,amorphous,5190,12,0.19992342800833285,0.23273484106222925,2668.9443359375,386.2060241699219,-26691.720703014933
NdS2_mp-13568_SRO_cell050_idx00003_seed001157003.npz,NdS2_mp-13568,SRO,5190,12,0.19836154696531594,0.23395475140629346,2921.959716796875,77.44770050048828,-28074.775700523718
NdS2_mp-13568_LRO_cell050_idx00004_seed001157004.npz,NdS2_mp-13568,LRO,5190,12,0.19447265611961484,0.2298792363619568,3811.5576171875,12.656439781188965,-29175.59027218777
NdS2_mp-13568_MRO_cell050_idx00005_seed001157005.npz,NdS2_mp-13568,MRO,4965,12,0.18451400799676776,0.2346999384265573,2799.342529296875,29.807111740112305,-27250.20600294035
NdS2_mp-13568_crystalline_30_cell050_idx00006_seed001157006.npz,NdS2_mp-13568,crystalline_30,5529,12,0.21130478801205754,0.22650253231561296,7570.73388671875,5.482635498046875,-32121.766974647187
NdS2_mp-13568_nanocrystalline_cell050_idx00007_seed001157007.npz,NdS2_mp-13568,nanocrystalline,5418,12,0.20700892992317677,0.2266389378298575,5224.87060546875,18.388967514038086,-30827.417557544482
NdS2_mp-13568_amorphous_cell050_idx00008_seed001157008.npz,NdS2_mp-13568,amorphous,5190,12,0.20070111216045916,0.23305539347383958,2639.556884765625,338.6654968261719,-26771.059800836327
NdS2_mp-13568_SRO_cell050_idx00009_seed001157009.npz,NdS2_mp-13568,SRO,5190,12,0.199054887983948,0.2329233030291054,2729.152587890625,74.95936584472656,-28078.462390723158
NdS2_mp-13568_LRO_cell050_idx00010_seed001157010.npz,NdS2_mp-13568,LRO,5190,12,0.1944514960050583,0.22991746174915764,3699.6376953125,16.88831329345703,-29187.781219687742
NdS2_mp-13568_MRO_cell050_idx00011_seed001157011.npz,NdS2_mp-13568,MRO,4965,12,0.18420418817549944,0.23388362125579476,2690.004150390625,24.36097526550293,-27271.131265208653
NdS2_mp-7698_crystalline_30_cell050_idx00000_seed001466000.npz,NdS2_mp-7698,crystalline_30,5655,12,0.22061181697063148,0.211928803868739,7304.5537109375,0.0,-32522.68707455495
NdS2_mp-7698_nanocrystalline_cell050_idx00001_seed001466001.npz,NdS2_mp-7698,nanocrystalline,5541,12,0.2123638349585235,0.2127402429864803,4940.76123046875,0.0,-31403.046032557424
NdS2_mp-7698_amorphous_cell050_idx00002_seed001466002.npz,NdS2_mp-7698,amorphous,5310,12,0.2024140148423612,0.21082973149182463,4435.03173828125,0.0,-28220.61632186468
NdS2_mp-7698_SRO_cell050_idx00003_seed001466003.npz,NdS2_mp-7698,SRO,5310,12,0.2011357620358467,0.21420365802483257,4077.955322265625,0.0,-28923.85980769128
NdS2_mp-7698_LRO_cell050_idx00004_seed001466004.npz,NdS2_mp-7698,LRO,5310,12,0.199493516003713,0.2154406968732755,4033.297607421875,0.0,-30139.82589798152
NdS2_mp-7698_MRO_cell050_idx00005_seed001466005.npz,NdS2_mp-7698,MRO,5079,12,0.18574872612953186,0.21697557254362596,3352.57958984375,0.0,-28262.86661386166
NdS2_mp-7698_crystalline_30_cell050_idx00006_seed001466006.npz,NdS2_mp-7698,crystalline_30,5655,12,0.22055897512473166,0.21283933732097002,7958.2998046875,0.0,-32663.429976767584
NdS2_mp-7698_nanocrystalline_cell050_idx00007_seed001466007.npz,NdS2_mp-7698,nanocrystalline,5541,12,0.214192631887272,0.21280939054812742,4900.8154296875,0.0,-31415.284598378454
NdS2_mp-7698_amorphous_cell050_idx00008_seed001466008.npz,NdS2_mp-7698,amorphous,5310,12,0.2027250959072262,0.21067002134196142,4344.03662109375,0.0,-28215.83430486974
NdS2_mp-7698_SRO_cell050_idx00009_seed001466009.npz,NdS2_mp-7698,SRO,5310,12,0.20240128901787102,0.21293554378838356,4133.28955078125,0.0,-28892.83885104889
NdS2_mp-7698_LRO_cell050_idx00010_seed001466010.npz,NdS2_mp-7698,LRO,5310,12,0.20188622316345572,0.2154789065692982,4650.005859375,0.0,-30141.704483279336
NdS2_mp-7698_MRO_cell050_idx00011_seed001466011.npz,NdS2_mp-7698,MRO,5079,12,0.18843589187599719,0.2166851639550703,3365.42529296875,0.0,-28224.93680888623
TaS2_mp-10014_crystalline_30_cell050_idx00000_seed001000000.npz,TaS2_mp-10014,crystalline_30,6018,12,0.24575007101520896,0.2033591112426541,3531.109375,0.0,-43032.40653118436
TaS2_mp-10014_nanocrystalline_cell050_idx00001_seed001000001.npz,TaS2_mp-10014,nanocrystalline,5898,12,0.24023098801262677,0.2041039734121748,2361.477294921875,0.0,-41845.63135800417
TaS2_mp-10014_amorphous_cell050_idx00002_seed001000002.npz,TaS2_mp-10014,amorphous,5652,12,0.22308362810872495,0.21102008050866097,3231.3544921875,0.0007294049137271941,-38550.28022207031
TaS2_mp-10014_SRO_cell050_idx00003_seed001000003.npz,TaS2_mp-10014,SRO,5652,12,0.22454056493006647,0.2077154232629476,2254.759521484375,0.0,-39191.57031032524
TaS2_mp-10014_LRO_cell050_idx00004_seed001000004.npz,TaS2_mp-10014,LRO,5652,12,0.22387016797438264,0.20366046129224377,1987.31640625,0.0,-40027.817875441535
TaS2_mp-10014_MRO_cell050_idx00005_seed001000005.npz,TaS2_mp-10014,MRO,5406,12,0.20933974790386856,0.20515663574316817,1277.98779296875,0.0,-37815.66971493947
TaS2_mp-10014_crystalline_30_cell050_idx00006_seed001000006.npz,TaS2_mp-10014,crystalline_30,6018,12,0.24426709301769733,0.20206257449947768,3370.765869140625,0.0,-43066.26078829343
TaS2_mp-10014_nanocrystalline_cell050_idx00007_seed001000007.npz,TaS2_mp-10014,nanocrystalline,5898,12,0.23765222006477416,0.20440679805680834,2624.804931640625,0.0,-41903.3802924133
TaS2_mp-10014_amorphous_cell050_idx00008_seed001000008.npz,TaS2_mp-10014,amorphous,5652,12,0.22441528202034533,0.21055251975950368,3453.7919921875,0.0,-38503.42318485614
TaS2_mp-10014_SRO_cell050_idx00009_seed001000009.npz,TaS2_mp-10014,SRO,5652,12,0.22441034205257893,0.20707015652273827,2531.33740234375,0.0,-39154.0215881887
TaS2_mp-10014_LRO_cell050_idx00010_seed001000010.npz,TaS2_mp-10014,LRO,5652,12,0.23252096003852785,0.20375898583560342,1935.9996337890625,0.0,-40090.326164019185
TaS2_mp-10014_MRO_cell050_idx00011_seed001000011.npz,TaS2_mp-10014,MRO,5406,12,0.20853468193672597,0.20496979701094742,1407.1995849609375,0.0,-37840.29765845528
TaS2_mp-1411_crystalline_30_cell050_idx00000_seed001162000.npz,TaS2_mp-1411,crystalline_30,3321,12,0.12840956007130444,0.2562112624087423,2718.928466796875,0.0,-24708.6063218235
TaS2_mp-1411_nanocrystalline_cell050_idx00001_seed001162001.npz,TaS2_mp-1411,nanocrystalline,3252,12,0.1275051711127162,0.2529283873259934,1518.853759765625,0.0,-23555.237228265392
TaS2_mp-1411_amorphous_cell050_idx00002_seed001162002.npz,TaS2_mp-1411,amorphous,3117,12,0.10814787610433996,0.24750771808821967,243.99285888671875,0.0,-18489.398331629836
TaS2_mp-1411_SRO_cell050_idx00003_seed001162003.npz,TaS2_mp-1411,SRO,3117,12,0.11142018507234752,0.24936040671251894,548.210205078125,0.0,-20215.718846499625
TaS2_mp-1411_LRO_cell050_idx00004_seed001162004.npz,TaS2_mp-1411,LRO,3117,12,0.12107845209538937,0.25743465570921537,1446.2598876953125,0.0,-22524.97754218901
TaS2_mp-1411_MRO_cell050_idx00005_seed001162005.npz,TaS2_mp-1411,MRO,2982,12,0.1112171511631459,0.25903862597109834,1076.6424560546875,0.0,-20275.858042433294
TaS2_mp-1411_crystalline_30_cell050_idx00006_seed001162006.npz,TaS2_mp-1411,crystalline_30,3321,12,0.1311805888544768,0.2533449968082263,2007.1427001953125,0.0,-24675.90948623276
TaS2_mp-1411_nanocrystalline_cell050_idx00007_seed001162007.npz,TaS2_mp-1411,nanocrystalline,3252,12,0.13541794288903475,0.25438056387810587,1718.7506103515625,0.0,-23716.367652846777
TaS2_mp-1411_amorphous_cell050_idx00008_seed001162008.npz,TaS2_mp-1411,amorphous,3117,12,0.10926195001229644,0.24672204852832233,231.21539306640625,0.0,-18517.84391708243
TaS2_mp-1411_SRO_cell050_idx00009_seed001162009.npz,TaS2_mp-1411,SRO,3117,12,0.11214511608704925,0.25015808028204733,439.99102783203125,0.0,-20201.95562271878
TaS2_mp-1411_LRO_cell050_idx00010_seed001162010.npz,TaS2_mp-1411,LRO,3117,12,0.1221380908973515,0.2558233384139277,1361.41796875,0.0,-22312.869613191404
TaS2_mp-1411_MRO_cell050_idx00011_seed001162011.npz,TaS2_mp-1411,MRO,2982,12,0.11232532490976155,0.2595942910790956,1080.93505859375,0.0,-20168.707971884553
TaS2_mp-1690_crystalline_30_cell050_idx00000_seed001190000.npz,TaS2_mp-1690,crystalline_30,6012,12,0.2519666850566864,0.20458202675530368,16098.1259765625,0.0,-44945.04615272712
TaS2_mp-1690_nanocrystalline_cell050_idx00001_seed001190001.npz,TaS2_mp-1690,nanocrystalline,5889,12,0.23393803089857101,0.20801492121522264,11952.5537109375,0.0,-43434.365936140384
TaS2_mp-1690_amorphous_cell050_idx00002_seed001190002.npz,TaS2_mp-1690,amorphous,5643,12,0.22277942090295255,0.21445923116321988,2719.753662109375,0.0,-39835.3826114864
TaS2_mp-1690_SRO_cell050_idx00003_seed001190003.npz,TaS2_mp-1690,SRO,5643,12,0.222265365999192,0.21378408115169487,2931.840576171875,0.0007294050301425159,-40186.57550075101
TaS2_mp-1690_LRO_cell050_idx00004_seed001190004.npz,TaS2_mp-1690,LRO,5643,12,0.2203667948488146,0.20896046617505815,7157.35546875,0.0025804806500673294,-41128.239038783504
TaS2_mp-1690_MRO_cell050_idx00005_seed001190005.npz,TaS2_mp-1690,MRO,5397,12,0.20715140691027045,0.21239111888192913,3280.18310546875,0.0018559546442702413,-38644.194637344335
TaS2_mp-1690_crystalline_30_cell050_idx00006_seed001190006.npz,TaS2_mp-1690,crystalline_30,6012,12,0.24063603300601244,0.20514621053328483,14802.1728515625,0.0,-44875.31582865278
TaS2_mp-1690_nanocrystalline_cell050_idx00007_seed001190007.npz,TaS2_mp-1690,nanocrystalline,5889,12,0.23295981902629137,0.2078798046940653,11625.041015625,0.0,-43410.10920452978
TaS2_mp-1690_amorphous_cell050_idx00008_seed001190008.npz,TaS2_mp-1690,amorphous,5643,12,0.2211890749167651,0.21495906910247148,2842.684326171875,0.0007294051465578377,-39765.59364203629
TaS2_mp-1690_SRO_cell050_idx00009_seed001190009.npz,TaS2_mp-1690,SRO,5643,12,0.22125957091338933,0.21370990092684583,3062.101806640625,0.0,-40117.25763851149
TaS2_mp-1690_LRO_cell050_idx00010_seed001190010.npz,TaS2_mp-1690,LRO,5643,12,0.2196954470127821,0.20859265170685234,7111.46826171875,0.0,-41070.68392180725
TaS2_mp-1690_MRO_cell050_idx00011_seed001190011.npz,TaS2_mp-1690,MRO,5397,12,0.21308562392368913,0.2119525451169421,3233.902587890625,0.010410782881081104,-38540.93591504927
Ti2O3_mp-1188323_crystalline_30_cell047_idx00000_seed001092000.npz,Ti2O3_mp-1188323,crystalline_30,11605,12,0.9522711760364473,0.16309758632101604,16642.5234375,14680.0166015625,-101591.78024732418
Ti2O3_mp-1188323_nanocrystalline_cell047_idx00001_seed001092001.npz,Ti2O3_mp-1188323,nanocrystalline,11370,12,0.9120070000644773,0.16512172781032086,17568.306640625,19730.357421875,-98706.92237935965
Ti2O3_mp-1188323_amorphous_cell047_idx00002_seed001092002.npz,Ti2O3_mp-1188323,amorphous,10895,12,0.8252435692120343,0.1671893651150639,14140.1171875,17325.80078125,-89755.61302301237
Ti2O3_mp-1188323_SRO_cell047_idx00003_seed001092003.npz,Ti2O3_mp-1188323,SRO,10895,12,0.8292071339674294,0.169293833610361,15445.474609375,24525.099609375,-91951.67296391218
Ti2O3_mp-1188323_LRO_cell047_idx00004_seed001092004.npz,Ti2O3_mp-1188323,LRO,10895,12,0.8430880489759147,0.16686232318032415,14985.5283203125,21334.892578125,-93838.18914766399
Ti2O3_mp-1188323_MRO_cell047_idx00005_seed001092005.npz,Ti2O3_mp-1188323,MRO,10425,12,0.7723548980429769,0.1694793790862543,13339.10546875,21066.5859375,-88480.84607466817
Ti2O3_mp-1188323_crystalline_30_cell047_idx00006_seed001092006.npz,Ti2O3_mp-1188323,crystalline_30,11605,12,0.9527530691120774,0.16373592979719565,16852.11328125,14197.7333984375,-101552.43294436655
Ti2O3_mp-1188323_nanocrystalline_cell047_idx00007_seed001092007.npz,Ti2O3_mp-1188323,nanocrystalline,11370,12,0.9111414460930973,0.1654260062163228,18028.24609375,19627.07421875,-98630.48786857413
Ti2O3_mp-1188323_amorphous_cell047_idx00008_seed001092008.npz,Ti2O3_mp-1188323,amorphous,10895,12,0.8254032179247588,0.16752589605444504,14320.5263671875,17656.158203125,-89863.98392853276
Ti2O3_mp-1188323_SRO_cell047_idx00009_seed001092009.npz,Ti2O3_mp-1188323,SRO,10895,12,0.832793670007959,0.16843879468861198,14861.494140625,23708.447265625,-91891.57987172746
Ti2O3_mp-1188323_LRO_cell047_idx00010_seed001092010.npz,Ti2O3_mp-1188323,LRO,10895,12,0.8408629549667239,0.16704178472441625,15305.3671875,20924.748046875,-93818.58135971606
Ti2O3_mp-1188323_MRO_cell047_idx00011_seed001092011.npz,Ti2O3_mp-1188323,MRO,10425,12,0.7707252269610763,0.17008698350994864,13683.0595703125,20427.0078125,-88542.07517964674
Ti2O3_mp-776456_crystalline_30_cell050_idx00000_seed001470000.npz,Ti2O3_mp-776456,crystalline_30,12255,12,0.9010258240159601,0.16258361345889677,23351.9453125,28565.806640625,-107058.45235788364
Ti2O3_mp-776456_nanocrystalline_cell050_idx00001_seed001470001.npz,Ti2O3_mp-776456,nanocrystalline,12005,12,0.8606693891342729,0.16169282990997869,17527.439453125,28825.966796875,-103743.47830057106
Ti2O3_mp-776456_amorphous_cell050_idx00002_seed001470002.npz,Ti2O3_mp-776456,amorphous,11505,12,0.7858741839881986,0.16209413330720024,13792.115234375,30833.36328125,-93235.09258871595
Ti2O3_mp-776456_SRO_cell050_idx00003_seed001470003.npz,Ti2O3_mp-776456,SRO,11505,12,0.7869883677922189,0.16365555382818586,14492.0478515625,30308.125,-96534.69650909529
Ti2O3_mp-776456_LRO_cell050_idx00004_seed001470004.npz,Ti2O3_mp-776456,LRO,11505,12,0.7931275309529155,0.16356825097725372,13504.3486328125,22591.359375,-98484.93703129127
Ti2O3_mp-776456_MRO_cell050_idx00005_seed001470005.npz,Ti2O3_mp-776456,MRO,11005,12,0.728335038991645,0.1636165144420711,11533.6259765625,19846.595703125,-92574.76999834273
Ti2O3_mp-776456_crystalline_30_cell050_idx00006_seed001470006.npz,Ti2O3_mp-776456,crystalline_30,12255,12,0.9028155379928648,0.16188937583469268,22818.900390625,29948.908203125,-107065.90931679435
Ti2O3_mp-776456_nanocrystalline_cell050_idx00007_seed001470007.npz,Ti2O3_mp-776456,nanocrystalline,12005,12,0.8610166541766375,0.1634226032702267,18623.611328125,29968.14453125,-103649.32820895541
Ti2O3_mp-776456_amorphous_cell050_idx00008_seed001470008.npz,Ti2O3_mp-776456,amorphous,11505,12,0.7865831470116973,0.16224305245875353,13412.6279296875,27387.474609375,-93462.3291930927
Ti2O3_mp-776456_SRO_cell050_idx00009_seed001470009.npz,Ti2O3_mp-776456,SRO,11505,12,0.7854804329108447,0.16413207015862336,14435.2548828125,30521.958984375,-96516.47165955754
Ti2O3_mp-776456_LRO_cell050_idx00010_seed001470010.npz,Ti2O3_mp-776456,LRO,11505,12,0.7966055490542203,0.1629958851117859,13712.8134765625,24519.61328125,-98606.18499440106
Ti2O3_mp-776456_MRO_cell050_idx00011_seed001470011.npz,Ti2O3_mp-776456,MRO,11005,12,0.7281383599620312,0.16564521312301037,11501.6845703125,18832.85546875,-92709.2143496984
TiS2_mp-2156_crystalline_30_cell050_idx00000_seed001230000.npz,TiS2_mp-2156,crystalline_30,6009,12,0.239168789004907,0.20189972053601474,20385.546875,0.021026112139225006,-38493.39436407227
TiS2_mp-2156_nanocrystalline_cell050_idx00001_seed001230001.npz,TiS2_mp-2156,nanocrystalline,5886,12,0.2328444488812238,0.20390984931914086,12848.43359375,0.03544600307941437,-37330.71134535066
TiS2_mp-2156_amorphous_cell050_idx00002_seed001230002.npz,TiS2_mp-2156,amorphous,5640,12,0.2233314518816769,0.2114805430509048,3340.3642578125,0.03933189809322357,-33754.20628041566
TiS2_mp-2156_SRO_cell050_idx00003_seed001230003.npz,TiS2_mp-2156,SRO,5640,12,0.22121889586560428,0.20922855705219195,3388.808837890625,0.0363234207034111,-34383.213676342355
TiS2_mp-2156_LRO_cell050_idx00004_seed001230004.npz,TiS2_mp-2156,LRO,5640,12,0.2195127159357071,0.20689272144634446,6537.5029296875,0.06625958532094955,-35250.50987616751
TiS2_mp-2156_MRO_cell050_idx00005_seed001230005.npz,TiS2_mp-2156,MRO,5397,12,0.20695221610367298,0.20910367064403926,3191.01025390625,0.39749324321746826,-33108.77737021877
TiS2_mp-2156_crystalline_30_cell050_idx00006_seed001230006.npz,TiS2_mp-2156,crystalline_30,6009,12,0.2399617531336844,0.20398510192054756,22413.279296875,0.006726111751049757,-38568.01756179317
TiS2_mp-2156_nanocrystalline_cell050_idx00007_seed001230007.npz,TiS2_mp-2156,nanocrystalline,5886,12,0.23306224099360406,0.20400807643943808,13949.9833984375,0.018153665587306023,-37236.83934012246
TiS2_mp-2156_amorphous_cell050_idx00008_seed001230008.npz,TiS2_mp-2156,amorphous,5640,12,0.22328234696760774,0.21249139862682823,3113.077392578125,0.06872519105672836,-33726.07757615559
TiS2_mp-2156_SRO_cell050_idx00009_seed001230009.npz,TiS2_mp-2156,SRO,5640,12,0.22200268204323947,0.20913834224127678,3193.871337890625,0.02407211996614933,-34422.42518287946
TiS2_mp-2156_LRO_cell050_idx00010_seed001230010.npz,TiS2_mp-2156,LRO,5640,12,0.2196703120134771,0.20563370718383475,6973.3837890625,0.04812318831682205,-35242.89819973502
TiS2_mp-2156_MRO_cell050_idx00011_seed001230011.npz,TiS2_mp-2156,MRO,5397,12,0.20602020295336843,0.20929218094189947,3147.0595703125,0.14922688901424408,-33005.84067100785
TiS2_mp-558110_crystalline_30_cell050_idx00000_seed001353000.npz,TiS2_mp-558110,crystalline_30,4248,12,0.15025969804264605,0.21720169718767754,1487.166748046875,0.0,-25113.44872096906
TiS2_mp-558110_nanocrystalline_cell050_idx00001_seed001353001.npz,TiS2_mp-558110,nanocrystalline,4161,12,0.1478634539525956,0.21368397407586287,863.0853881835938,0.0,-23607.04241313185
TiS2_mp-558110_amorphous_cell050_idx00002_seed001353002.npz,TiS2_mp-558110,amorphous,3987,12,0.1375063939485699,0.21832895393470403,767.6242065429688,0.0,-21527.069708742012
TiS2_mp-558110_SRO_cell050_idx00003_seed001353003.npz,TiS2_mp-558110,SRO,3987,12,0.13835654803551733,0.2149956123473381,779.6793212890625,0.0,-21784.193193989428
TiS2_mp-558110_LRO_cell050_idx00004_seed001353004.npz,TiS2_mp-558110,LRO,3987,12,0.13752858713269234,0.2169676942010129,753.34765625,0.0,-22256.368421653457
TiS2_mp-558110_MRO_cell050_idx00005_seed001353005.npz,TiS2_mp-558110,MRO,3813,12,0.13262417307123542,0.21985919457423345,529.5704956054688,0.0,-20519.22524073229
TiS2_mp-558110_crystalline_30_cell050_idx00006_seed001353006.npz,TiS2_mp-558110,crystalline_30,4248,12,0.15039061103016138,0.2147740931338699,1341.1312255859375,0.0,-24773.79499217273
TiS2_mp-558110_nanocrystalline_cell050_idx00007_seed001353007.npz,TiS2_mp-558110,nanocrystalline,4161,12,0.1481689151842147,0.21363190055581843,928.35888671875,0.0,-23560.811451291116
TiS2_mp-558110_amorphous_cell050_idx00008_seed001353008.npz,TiS2_mp-558110,amorphous,3987,12,0.13797021098434925,0.21763666904908893,695.9679565429688,0.0,-21462.598758263877
TiS2_mp-558110_SRO_cell050_idx00009_seed001353009.npz,TiS2_mp-558110,SRO,3987,12,0.13688929099589586,0.2162903669362707,729.5247802734375,0.0,-21705.93906514107
TiS2_mp-558110_LRO_cell050_idx00010_seed001353010.npz,TiS2_mp-558110,LRO,3987,12,0.1390116848051548,0.216989782214392,716.7557983398438,0.0,-22356.266752478426
TiS2_mp-558110_MRO_cell050_idx00011_seed001353011.npz,TiS2_mp-558110,MRO,3813,12,0.13259646901860833,0.21703994269828075,543.2181396484375,0.0,-20575.378844747473
VO2_mp-20593_crystalline_30_cell050_idx00000_seed001218000.npz,VO2_mp-20593,crystalline_30,10968,12,0.7749993840698153,0.16521084863345276,19307.857421875,1488.80517578125,-82413.87544256086
VO2_mp-20593_nanocrystalline_cell050_idx00001_seed001218001.npz,VO2_mp-20593,nanocrystalline,10743,12,0.7281400940846652,0.16650280814498794,11092.7470703125,1346.3790283203125,-79590.5726860373
VO2_mp-20593_amorphous_cell050_idx00002_seed001218002.npz,VO2_mp-20593,amorphous,10296,12,0.6436712979339063,0.1716244676417131,5041.126953125,2526.37255859375,-71714.55703867701
VO2_mp-20593_SRO_cell050_idx00003_seed001218003.npz,VO2_mp-20593,SRO,10296,12,0.6536805951036513,0.16977001316075238,4706.5166015625,1657.3984375,-73427.07731012149
VO2_mp-20593_LRO_cell050_idx00004_seed001218004.npz,VO2_mp-20593,LRO,10296,12,0.6725312711205333,0.16824174146464754,9696.1298828125,1460.994873046875,-75295.07107256041
VO2_mp-20593_MRO_cell050_idx00005_seed001218005.npz,VO2_mp-20593,MRO,9849,12,0.6121262728702277,0.17228966910830054,4850.09130859375,1307.1475830078125,-70212.31841054141
VO2_mp-20593_crystalline_30_cell050_idx00006_seed001218006.npz,VO2_mp-20593,crystalline_30,10968,12,0.7761021370533854,0.1657034799765543,18234.177734375,1614.4111328125,-82412.42853902138
VO2_mp-20593_nanocrystalline_cell050_idx00007_seed001218007.npz,VO2_mp-20593,nanocrystalline,10743,12,0.7300426119472831,0.1667333425741936,9060.474609375,1481.4107666015625,-79447.3896931429
VO2_mp-20593_amorphous_cell050_idx00008_seed001218008.npz,VO2_mp-20593,amorphous,10296,12,0.649302339181304,0.17179797684136625,5016.697265625,2569.305908203125,-71788.6756311609
VO2_mp-20593_SRO_cell050_idx00009_seed001218009.npz,VO2_mp-20593,SRO,10296,12,0.6531193398404866,0.16976576865125298,5017.611328125,2030.458984375,-73471.93507248907
VO2_mp-20593_LRO_cell050_idx00010_seed001218010.npz,VO2_mp-20593,LRO,10296,12,0.6715376190841198,0.16863267791855874,9190.8388671875,1657.6048583984375,-75297.20709828973
VO2_mp-20593_MRO_cell050_idx00011_seed001218011.npz,VO2_mp-20593,MRO,9849,12,0.6112157930620015,0.17139605327861218,5158.30517578125,1433.9642333984375,-70484.28494982883
VO2_mp-541404_crystalline_30_cell050_idx00000_seed001316000.npz,VO2_mp-541404,crystalline_30,10854,12,0.719136661151424,0.16790340734734685,10104.595703125,1909.841064453125,-80630.72906655303
VO2_mp-541404_nanocrystalline_cell050_idx00001_seed001316001.npz,VO2_mp-541404,nanocrystalline,10632,12,0.6892165089957416,0.16920807896894202,5212.08837890625,1364.5169677734375,-77538.89624323725
VO2_mp-541404_amorphous_cell050_idx00002_seed001316002.npz,VO2_mp-541404,amorphous,10188,12,0.6388936589937657,0.1710126671879583,4135.40478515625,2731.896728515625,-67630.80028122236
VO2_mp-541404_SRO_cell050_idx00003_seed001316003.npz,VO2_mp-541404,SRO,10188,12,0.6349414030555636,0.17194786225022782,2810.14501953125,1374.0472412109375,-70895.15059768841
VO2_mp-541404_LRO_cell050_idx00004_seed001316004.npz,VO2_mp-541404,LRO,10188,12,0.6401661478448659,0.17115738818879075,4222.2939453125,1153.7957763671875,-73581.49847558887
VO2_mp-541404_MRO_cell050_idx00005_seed001316005.npz,VO2_mp-541404,MRO,9747,12,0.5920437108725309,0.17376413737182717,2314.6650390625,948.5929565429688,-68399.4084529392
VO2_mp-541404_crystalline_30_cell050_idx00006_seed001316006.npz,VO2_mp-541404,crystalline_30,10854,12,0.7184801730327308,0.1680441235669304,9891.912109375,1970.71875,-80723.65181321351
VO2_mp-541404_nanocrystalline_cell050_idx00007_seed001316007.npz,VO2_mp-541404,nanocrystalline,10632,12,0.6909685069695115,0.1691116052297408,5785.06103515625,1549.4810791015625,-77907.14126636062
VO2_mp-541404_amorphous_cell050_idx00008_seed001316008.npz,VO2_mp-541404,amorphous,10188,12,0.6395380839239806,0.17111197690033791,4274.6650390625,2718.150390625,-67562.10900737396
VO2_mp-541404_SRO_cell050_idx00009_seed001316009.npz,VO2_mp-541404,SRO,10188,12,0.6336855660192668,0.17179186356678872,2702.19677734375,1506.8187255859375,-70824.13612030566
VO2_mp-541404_LRO_cell050_idx00010_seed001316010.npz,VO2_mp-541404,LRO,10188,12,0.6364476368762553,0.1712911161723993,4111.81982421875,1402.60693359375,-73515.37780096337
VO2_mp-541404_MRO_cell050_idx00011_seed001316011.npz,VO2_mp-541404,MRO,9747,12,0.5936231468804181,0.17384799921047567,2229.507080078125,1106.492431640625,-68409.00797590394
VO2_mp-777479_crystalline_30_cell050_idx00000_seed001472000.npz,VO2_mp-777479,crystalline_30,7557,12,0.37035561888478696,0.1858437003007787,6713.28759765625,748.7422485351562,-56702.43101662639
VO2_mp-777479_nanocrystalline_cell050_idx00001_seed001472001.npz,VO2_mp-777479,nanocrystalline,7401,12,0.3569099761079997,0.1864175989456153,5603.142578125,690.70751953125,-54636.54153598394
VO2_mp-777479_amorphous_cell050_idx00002_seed001472002.npz,VO2_mp-777479,amorphous,7095,12,0.340870956890285,0.19174893641369678,1260.0819091796875,624.3402099609375,-47420.953591297526
VO2_mp-777479_SRO_cell050_idx00003_seed001472003.npz,VO2_mp-777479,SRO,7095,12,0.33799274102784693,0.1898277103882069,1429.13037109375,479.34625244140625,-50030.53293807257
VO2_mp-777479_LRO_cell050_idx00004_seed001472004.npz,VO2_mp-777479,LRO,7095,12,0.33398952800780535,0.18784207406356143,4620.923828125,701.8500366210938,-51467.34319508913
VO2_mp-777479_MRO_cell050_idx00005_seed001472005.npz,VO2_mp-777479,MRO,6786,12,0.3075210899114609,0.19098703765532313,2212.093994140625,573.5399780273438,-47835.50492144128
VO2_mp-777479_crystalline_30_cell050_idx00006_seed001472006.npz,VO2_mp-777479,crystalline_30,7557,12,0.3656787029467523,0.18630681630833112,7319.03955078125,736.5678100585938,-56738.7251884579
VO2_mp-777479_nanocrystalline_cell050_idx00007_seed001472007.npz,VO2_mp-777479,nanocrystalline,7401,12,0.35722825094126165,0.18685320024450106,6059.20458984375,649.9757690429688,-54682.77978116247
VO2_mp-777479_amorphous_cell050_idx00008_seed001472008.npz,VO2_mp-777479,amorphous,7095,12,0.3419858431443572,0.19178303959561208,1197.3270263671875,681.1675415039062,-47607.670845658475
VO2_mp-777479_SRO_cell050_idx00009_seed001472009.npz,VO2_mp-777479,SRO,7095,12,0.3389163571409881,0.18947276462960902,1508.9078369140625,485.98785400390625,-49856.0178787839
VO2_mp-777479_LRO_cell050_idx00010_seed001472010.npz,VO2_mp-777479,LRO,7095,12,0.3348775359336287,0.18828527657366498,5264.673828125,716.625,-51582.01556894823
VO2_mp-777479_MRO_cell050_idx00011_seed001472011.npz,VO2_mp-777479,MRO,6786,12,0.304658544017002,0.19095191353656077,2336.51025390625,607.3306884765625,-47936.57982447678
YN_mp-2114_crystalline_30_cell050_idx00000_seed001225000.npz,YN_mp-2114,crystalline_30,8346,12,0.42867338191717863,0.17923404148351,6332.771484375,133.3328857421875,-68260.45005947807
YN_mp-2114_nanocrystalline_cell050_idx00001_seed001225001.npz,YN_mp-2114,nanocrystalline,8176,12,0.41175838001072407,0.18035771666481112,6207.017578125,119.56207275390625,-66711.17961463034
YN_mp-2114_amorphous_cell050_idx00002_seed001225002.npz,YN_mp-2114,amorphous,7836,12,0.390265443129465,0.18451866285140864,5542.544921875,65.0401382446289,-63591.97831819592
YN_mp-2114_SRO_cell050_idx00003_seed001225003.npz,YN_mp-2114,SRO,7836,12,0.3875031000934541,0.18441948442168163,5423.44189453125,68.98731231689453,-63904.62226294213
YN_mp-2114_LRO_cell050_idx00004_seed001225004.npz,YN_mp-2114,LRO,7836,12,0.38229181291535497,0.18311503353270608,5848.94384765625,42.109352111816406,-64140.96337807761
YN_mp-2114_MRO_cell050_idx00005_seed001225005.npz,YN_mp-2114,MRO,7494,12,0.3601504019461572,0.18621093088501636,5016.24853515625,41.107696533203125,-61032.37264670587
YN_mp-2114_crystalline_30_cell050_idx00006_seed001225006.npz,YN_mp-2114,crystalline_30,8346,12,0.4298551781103015,0.17920497215401904,6067.80859375,122.6407699584961,-68209.75619461575
YN_mp-2114_nanocrystalline_cell050_idx00007_seed001225007.npz,YN_mp-2114,nanocrystalline,8176,12,0.40968324593268335,0.18040413593717616,5906.291015625,95.03817749023438,-66737.7056720161
YN_mp-2114_amorphous_cell050_idx00008_seed001225008.npz,YN_mp-2114,amorphous,7836,12,0.39019683096557856,0.18462958226954107,5398.98291015625,42.924007415771484,-63758.61667479243
YN_mp-2114_SRO_cell050_idx00009_seed001225009.npz,YN_mp-2114,SRO,7836,12,0.3885143760126084,0.1846461752483097,5614.4267578125,46.66988754272461,-64026.18173528564
YN_mp-2114_LRO_cell050_idx00010_seed001225010.npz,YN_mp-2114,LRO,7836,12,0.3819597300607711,0.183328662258057,5321.30517578125,50.311256408691406,-64032.57755556008
YN_mp-2114_MRO_cell050_idx00011_seed001225011.npz,YN_mp-2114,MRO,7494,12,0.3588896340224892,0.18613110712767705,5113.13232421875,31.986968994140625,-61252.86742288106
YN_mp-6913_crystalline_30_cell050_idx00000_seed001426000.npz,YN_mp-6913,crystalline_30,7032,12,0.3490091860294342,0.19535887999945628,12233.130859375,52.55680465698242,-60657.184705486674
YN_mp-6913_nanocrystalline_cell050_idx00001_seed001426001.npz,YN_mp-6913,nanocrystalline,6888,12,0.33448830316774547,0.1966374298844499,9798.0771484375,94.55767059326172,-58474.93900657698
YN_mp-6913_amorphous_cell050_idx00002_seed001426002.npz,YN_mp-6913,amorphous,6602,12,0.28649992612190545,0.193245530132971,4189.716796875,39.395992279052734,-52569.89606779562
YN_mp-6913_SRO_cell050_idx00003_seed001426003.npz,YN_mp-6913,SRO,6602,12,0.29747189511545,0.19607868554112448,3781.7275390625,84.63561248779297,-53825.37054559586
YN_mp-6913_LRO_cell050_idx00004_seed001426004.npz,YN_mp-6913,LRO,6602,12,0.3047157949768007,0.19693733846344436,5909.11376953125,109.37833404541016,-55262.77393363017
YN_mp-6913_MRO_cell050_idx00005_seed001426005.npz,YN_mp-6913,MRO,6314,12,0.27581536304205656,0.19727335989841766,3525.561279296875,117.96251678466797,-51520.43990025554
YN_mp-6913_crystalline_30_cell050_idx00006_seed001426006.npz,YN_mp-6913,crystalline_30,7032,12,0.3510313171427697,0.19546288406775117,13967.892578125,40.47914505004883,-60737.900427652654
YN_mp-6913_nanocrystalline_cell050_idx00007_seed001426007.npz,YN_mp-6913,nanocrystalline,6888,12,0.333551581017673,0.19628804521308257,9640.40625,71.11354064941406,-58563.48712090806
YN_mp-6913_amorphous_cell050_idx00008_seed001426008.npz,YN_mp-6913,amorphous,6602,12,0.2865539910271764,0.19337501584834418,4043.080322265625,55.064456939697266,-52685.163784371514
YN_mp-6913_SRO_cell050_idx00009_seed001426009.npz,YN_mp-6913,SRO,6602,12,0.2952244479674846,0.19638020404870715,3978.873779296875,58.83128356933594,-53813.30203532625
YN_mp-6913_LRO_cell050_idx00010_seed001426010.npz,YN_mp-6913,LRO,6602,12,0.30361986509524286,0.1972565560565845,5111.08203125,106.26467895507812,-55194.011066592786
YN_mp-6913_MRO_cell050_idx00011_seed001426011.npz,YN_mp-6913,MRO,6314,12,0.2798085061367601,0.19754566470403712,3672.615234375,149.01788330078125,-51496.54351390636
